{"version":8,"hash":{"type":"Buffer","data":"3nYdV85Qdf73WbOvaIOfE8iJbJ7BCmtrWpHOMN1I6vRCERUFINimwjVoAona49j3iGm/p+OofFZ/9G7bxBsbLnjTy2WsJzgLhtphwUEwbznv+rDmoOwVlG5IUtP0vZMyUiUsRKjEUJb5C8zUMLoZc8iwYxUEWai+SvZA8ET4kgg="},"indexValueMap":{"AM6VxGbQPJTxFrUFYhkYC1w4rcCCRnAwIvY8i/7YE9Y=":{"valueMac":{"type":"Buffer","data":"wGofAzK3ftLH46IxxZn/nnPp6PgLzvbmYPiAsiiVfwg="}},"BemrgdC5x58zhNKMbbo+taL1ZIw70s1ENS1yaQwbuZ0=":{"valueMac":{"type":"Buffer","data":"//o0Pnj/zeGBUUzmF3sWgAy1OP6MJXcojX+W2L1wODk="}},"Ckfx8NwnV6iBIqTpGbvpboE4vGK4VuUobEtYJDLVans=":{"valueMac":{"type":"Buffer","data":"sq0v6QF4fV6OvrGA4Vs9KqPY8b26eFsYQsbOX16r2Fg="}},"C4YvEP+lTVGWwvbVJoJqJ9uKwMkf9sETRe5Vb3VD1xs=":{"valueMac":{"type":"Buffer","data":"6AvQLNQPHKMy2DwCM5eg92zNQc+J00CaRQz24LFuCKc="}},"DYPWhnZnpspw72+vVE9B2AJd3F0Q4oSmi2H5MrW/ORQ=":{"valueMac":{"type":"Buffer","data":"X+a2haQz51xJFUrHddVdxz8gku6FWEKwzBhB7etdjGE="}},"DZSEiOU0kKkxjh4XwOzr6alKzELGTRJrmwlDshQRKYs=":{"valueMac":{"type":"Buffer","data":"7VQgMhmCLviS/ZrPyt8riBB2UFKLS7c0h5UvWQFrdD8="}},"Du2Nt3p7etMgjmJ+4zSFx1E4OcmIWnNXu6j6y+sRISI=":{"valueMac":{"type":"Buffer","data":"bTCqhovjNmxlrjxbvCTRv00UOWsCSa6uaOiebMROzBk="}},"GFN6fRgFdGHxPCyA14S7s/TbqnCg2PEO4rEXtKjl61Q=":{"valueMac":{"type":"Buffer","data":"tejkgH/h3X24gzYdig5zjZNw2egprxHUCZTE7uiu70k="}},"H2ui1dm26bfIljDNdjZEu8r55ruhE2quSEHqofFSmkM=":{"valueMac":{"type":"Buffer","data":"jjYIWVr3uV+0eXmiHcRcy1EPrwHbmfgjmldQ6shCJYI="}},"Iy0uqonvuMak+HXo/bxt9QxoqV//lLBqPx2wh1qnt9w=":{"valueMac":{"type":"Buffer","data":"MLAtzdZ3ihAvaEkZqaPlolDZbaQkA6U/HwnCUBG639M="}},"JTkhnQeRjFGraM3i4wxqsuCRWAt0xztcWTbRdYGMogY=":{"valueMac":{"type":"Buffer","data":"i/HGOMfRzKCtrvkwU81wjD/CoH7SoHZDvcK4pzy/WHA="}},"LGdz44AX+xHn/4p0gpoD/XEWhkdUdLZQ4mNg5iJpcps=":{"valueMac":{"type":"Buffer","data":"RHWgZoAHl0JOsTHQr/P5WC8rBfu3YaluLZ9g7qsvF5Q="}},"Lc1Tv7w6ZPLvX2Vq5eLBZWS6tTl0XfisYTrFQ3+OBm8=":{"valueMac":{"type":"Buffer","data":"xCHuTdYGi8QnfPt7tAQNu9/R6aNwxdHUYh0X3u6038M="}},"LhD4TkKWvC1irlEoYzqBejsLwX0OxXtud2Zb5a72Pf8=":{"valueMac":{"type":"Buffer","data":"JqLYNRyb3wJ6w4oC02Uxe/b8uH2XlkvrdFqH7Aj3IvA="}},"MOC7BLD9X0NqMUWE9av0A5fGlyAD8GFQ9n4F0XQWyBY=":{"valueMac":{"type":"Buffer","data":"7ITuolV3vuObk49Rq4r2GeZ6YDXW6lCeQy4ZuuubTCM="}},"NeYms2Fwns5QE46gbrrXuHVrSOaBF7lVYGs7kf42XBc=":{"valueMac":{"type":"Buffer","data":"nXbjqSVtC5Y/w8DkhR+SPUhW9vjjLKRJJVwlou8UAbU="}},"OyMLcwMMqnGiH/RKNkuVJaGjpPxl6HiGsEiBm0RL0bY=":{"valueMac":{"type":"Buffer","data":"IBEIFxTwwiKwMVvOutuCbb58YNwrE0aNNDZpj39YkjA="}},"QNkeo+Kae2Ovp3OQmH+UI3jAO3HmakWc31EzBCOD+to=":{"valueMac":{"type":"Buffer","data":"PDUwt/kGzZ5Z6G35p6c8rFC3v/Dw1kGKOwmakDObrAE="}},"RCvx20zc1pqY4TupwsHWovUTs2O8vt3DRPHJvp9tqEI=":{"valueMac":{"type":"Buffer","data":"hNoXn0LGdBO9KGnveTZkjs78ZetNWeGKXLK/pOV2JbQ="}},"RaKcSVFF9pPDTRMZS4q+xPDV8xom0NWlCKlMrSfhJOE=":{"valueMac":{"type":"Buffer","data":"8/uIF04SxMgLZ0cYJhEg5iOSO/muRmhTYHFetKP7Sbg="}},"RdPBXgbGHD4zZnyVABN+LWYh2slCyHh8s1aNhkdCBNM=":{"valueMac":{"type":"Buffer","data":"467q5inoT+14F95h+1ZWO4B0c6gqpQ/neAqdkdF6pvg="}},"RmUdcAVLX4HvRzpzAkP3EgznHNvAI0EJ/qLsCMbaMBQ=":{"valueMac":{"type":"Buffer","data":"jo7Qo3Au1aZjMCrwT9R5xOiAPA3AxAA6YBid6Y+S8T0="}},"Ryvl6E3nYtmN4pyXtrIGc/C/Fp6vbYoMYsYvbErXCaY=":{"valueMac":{"type":"Buffer","data":"898vNi42d9tGX6qVml7NleK8TAO0HhK1NGlLm370IZ0="}},"SssJn1x5Uw5Tr3yRN4OKf4/ohcjLZ0Tbb0irYu/v+VM=":{"valueMac":{"type":"Buffer","data":"QUn1hLbfX/xDUJwMwOGhkaH+NdHSw39iWJXUyidgqXs="}},"TJJciwmMVc7USr2WaWCLLHicv97v2VjJrSL9FJc6KDY=":{"valueMac":{"type":"Buffer","data":"2Ss3uoRAZDpEEQzZR3uKqiYAgd1KOc+PbbP5J/4091E="}},"Vqcyqv54cVoM4tc20Y5T+fp0s+aTy5Rn+TGpe8SotsA=":{"valueMac":{"type":"Buffer","data":"ETyJbPuULcuzhFHD+2Dg9CP4u4l2cKS4TcaCCSTcc50="}},"VuEFu4Uf23k0vHRhki0LP2xdO8jV06DOnhPFJlmRLEw=":{"valueMac":{"type":"Buffer","data":"LE4CE/9R1L9UvaNJ4cDUXXCxzxr0c+GBU5/272nTtUQ="}},"XWr0W3Lqt1grye9+3sP356/M/TDjSbHsJwY1WtEBiNU=":{"valueMac":{"type":"Buffer","data":"wJ9VC7BgUJ9ii5pOG+yhfTo2bfJmoiLm1VCxaJ4mdLY="}},"YXikdwSb0W6QZWYlwKRk0RdpaW1kNp5SUmBP3AatMnk=":{"valueMac":{"type":"Buffer","data":"lGuhF23Hg42CZiokU0ED+Qzwi76slxhOJvTyCmwrNEM="}},"YwBDe/BrLOhGK3coj36qru4Gu7GLXeMmTEdV37CxW8g=":{"valueMac":{"type":"Buffer","data":"kvK2awm/fVaU8znkOuYrAg/pdRrVGiPzWefluebUxvE="}},"ahGSBvzPz7tJXEIUMsqiDI4fW3GNPi/tQOXHx8x0OGU=":{"valueMac":{"type":"Buffer","data":"SDjCIb0ALzPMmpwmIK/fx0Hgx0TMp6QIL1T3KtbnRx8="}},"ajT738ss3iRyM1t763YoxBLOCxM3yu55PStN49tht8Q=":{"valueMac":{"type":"Buffer","data":"FYSDGPKdxH4TSVvucPVf2eO1H5NeABbIUBnLJk0cM7Q="}},"b4BXGYZtxkqHeizZpxQlbv2hrSOdpxnd9Pcw+nu0ANA=":{"valueMac":{"type":"Buffer","data":"gV5xQrK4OToad+6GulqlRP4kMK8vqSg4kbiApK/1/KA="}},"c1J0487USu/i8aq4wqiTE4TqRTgVk7XBP/NGNqeAY8M=":{"valueMac":{"type":"Buffer","data":"PstFNk+ngTYWLIHujt3grunJL8DkH8/HtfBgnFjSQeI="}},"dAFpSD+z/zHCpG708NlGKI8H/d+VI64eruBCTUNE91U=":{"valueMac":{"type":"Buffer","data":"OBioC2NGCg42Xa4XG/p46bAFQIZ48Fq+0xNrmMvAqGE="}},"dXlGQu/IHZ+2RMtsxGh6hSQpGYMM4O/cHow+HHsyFYs=":{"valueMac":{"type":"Buffer","data":"2E+JF+mDQxqVqKLVR1nzStsFn/sEyz6Z4hZL0iYn5zs="}},"d+JhsEXw1DgzU2WGDe0Qnm6aDA/ukhFVbapGSXb9324=":{"valueMac":{"type":"Buffer","data":"Anc0ZHM664UV2Wyp7fcqepPIPR7iSNf7wJ5C19zeyLw="}},"evuINbG6EYNrlxTO6PuiWkmeV6ZyzY7SRdg/ZZrAqRI=":{"valueMac":{"type":"Buffer","data":"lAfgb/fSO23c3iPi4zQ/QWTdnQM4J+6wYfwoohMIMI0="}},"hBFLdWIKUNNMRCxF8bOKGGZNymsrkYekPoEI4f0UkpM=":{"valueMac":{"type":"Buffer","data":"O0GwcwzvjPEd0tzM9/1fdxfqZbLjXAuUCfe7hI7mRaA="}},"hXfFMYgsvTwi8JLJ0ICQUL2x3jTK+exAJDmVZXeBM5Y=":{"valueMac":{"type":"Buffer","data":"QsO891i4EGlD5jpj6ZMqyptCgMIM0WI86gkuTUKRweY="}},"jfNKJob89TAd0R0ja2r8TnopSA3mU5FuyNS0mDmXPGc=":{"valueMac":{"type":"Buffer","data":"KAQp7RaS2cUn0UmFZuXzUDdwWAJ1pTmsbzDM/xnlrZE="}},"kUdixWhdkn4KRZw6vIGziNFee+l9GjKjMyz2TQ0nx2Y=":{"valueMac":{"type":"Buffer","data":"8ySdmF1Fp6OfigiPaQzdPPydZRmNavTHTXoB8I7cZN4="}},"ktns9pqmC6d4DsoH5651N8K85sdsdec0RNnf5ChDJt0=":{"valueMac":{"type":"Buffer","data":"j3YaWxNUqFPeYbaO9m7ao3YjhtS0Z0Xzt1CyXgVGoJw="}},"kv5R+wZEIEwAdvbraqO4/z84AGYsZM6BcbtjUsxzLSc=":{"valueMac":{"type":"Buffer","data":"xtVYf9aKyCfs7NUy+8st2gcT6Kg2k41SrF/d710HFbI="}},"lDL8dstrqE48YQXeOJKX/d80fQJHDbKptV9ZPFuiuPA=":{"valueMac":{"type":"Buffer","data":"LggvkEOWcdPINSwJcB6RtHZnprEmlu7oWNGubALBMUY="}},"lXhVuac6YEIRR9geAaAITGAjJb6p3CDL+Ad4vi2DHS0=":{"valueMac":{"type":"Buffer","data":"j3PbaFQ9e7LKZVnpYMLF9ELG9Z2mPjmMeUxl+14w8YY="}},"mDiZZJInMzJ9uwny51wlwKxl21MQXinNfXLOFj9OXAU=":{"valueMac":{"type":"Buffer","data":"nKjttqK0MJ/J16H04bzl0XAhi/pr9Vg90x4Qds5lbBw="}},"mXSMqFEXIflBdbG69blVMTVLOl6CeeprD4HCYzeybjk=":{"valueMac":{"type":"Buffer","data":"VFk55xFC+fRmalFQPwENTo1/0cGI/2p28cfdsYbSWbs="}},"qpaLUg+R6VgHqPMxuFL7pV1xbMxhPaCugQjejgzpgzk=":{"valueMac":{"type":"Buffer","data":"gyoOu6uzBuqLZVrpz7TEZ7nSgy4GmBRCRmmiRVZPn54="}},"q8fzEsa1j8SVKBxjzL0HFcQesQUI+JzlbiZ3Taeidn0=":{"valueMac":{"type":"Buffer","data":"uiu/CvOm2VOiQC8Cv+lzV6zcSdJ/43wcdrJ5Voh5zsU="}},"swyZmxaq5gD8FIYzzNTaiKuusSmwNEIhKqxl4vBKeEo=":{"valueMac":{"type":"Buffer","data":"E1E6p9IB9b41+Pxm1TWsqXZvBbyUL5wCQ5Dv6u2ig10="}},"s10nPR80DZHEFksLrF/Np5aJaMa3ZqCkV6TMCkRO/Yw=":{"valueMac":{"type":"Buffer","data":"5xv/XsziXq3epRC4ij7+dFomfuko5TWPCFjiNeqgjSU="}},"s2JhYSlLUSUgAHQb5QQdv9e1gQgqf1ebFA+RWLvS7w0=":{"valueMac":{"type":"Buffer","data":"lBoXDXBzi32ytqrwJc5li2akzP+nJPrVyuza76TH/Yw="}},"tAdem+wAF2SfZ5BgUK1KdyJmQTKUTSOeR58adarSAX0=":{"valueMac":{"type":"Buffer","data":"qxmsesRBS7sumlVmyRwsE62U9Rmxu3eLfAE/qS/40xA="}},"tnAJhlZKj41EQDHsYjI8++ASsis9ur3NCzw7EL8bIYw=":{"valueMac":{"type":"Buffer","data":"m2SmCoLPaG2vi5EE8Y4JarkNFblCiHVI7qwkR/ZDi7g="}},"uNtCPv7EDbCZaqmzIua8tvJmGN57Z1EgefaVISjv6bw=":{"valueMac":{"type":"Buffer","data":"vf6Et+egai2PmsTVRH1e49o+jV57+RAya8W4iJ3aHWw="}},"uTsIdBnfmy7crtVgSmZCdWtFi8M957ZPhyO8LucnxGY=":{"valueMac":{"type":"Buffer","data":"4dPtKPQyKZP1rWsMvpImyb03aoMkvsNgpv+HQzZKp98="}},"uttREkar8lTplB4BjovZQrgYTWfp/NbrUtHgLMCuTwI=":{"valueMac":{"type":"Buffer","data":"hJ3H/gBBQowdjk5vy+mtkr3GVS1O3nG3cmKKvHNR2Vw="}},"vwtbI3eGjzhk367h7rLvPfAb4r3oqk3181gE2vdtaAA=":{"valueMac":{"type":"Buffer","data":"OPVypA5QZF+5QVkeeYsSOTPRY0n+hSp4HN8NJawGaSI="}},"v3dThzG0mg81bOay1Oi0vVBlSe6f4+fORNFXZBw/Y20=":{"valueMac":{"type":"Buffer","data":"iTQyG1I+CvIB/ueWE96dVdbC15CABLRJb//6F57mlEQ="}},"wYH7EeNKtxH6UfXlCS3/nnPWuOKNWQp6cE0lB6s270M=":{"valueMac":{"type":"Buffer","data":"aQgJcbjZafrHXV3MAxbc/sjdN3vGQUI/tqlIGg6pCA4="}},"wtTcophbZjKUYmynI7Ml8xF7p+EXB0eTV1REhNnnOxU=":{"valueMac":{"type":"Buffer","data":"DSVvoXlMNm04BaJewPKueHOBKZ5mgOdMuS3hdmEPyQU="}},"ycykZNvPKouYjqOVXpKEK/LyIH9djGeXmyEo3/KyRk0=":{"valueMac":{"type":"Buffer","data":"uOaHuw1d3d2STdXJRmlhCf0E9ZpXHT6Ocv+tEfG4+ME="}},"y9vUP4KigEiF6GcTH8lbH/FsSuc/sSOkdbH4yVvMIAc=":{"valueMac":{"type":"Buffer","data":"/AUEv+gO7FaiMd/DpKHWTjopkfqr7KpO4yPjn9oAD7s="}},"zuvoinTZDyNxdcdbL7UoJ2cCiSlKys/CMiyjjiSSfFo=":{"valueMac":{"type":"Buffer","data":"bdBxj9PFxPYR8AuHDT5juGvzTw+JSJsPWzeFDH7Wa68="}},"z9iLVFgXreaNfkRb5TtkFW9tcErsFHs4riKt0NQRJhw=":{"valueMac":{"type":"Buffer","data":"mrpU5JO8FtnF1jARJUqVjZ2VH3BGEue+vLAWbS/SGvg="}},"1HqzMlobfQA9ELySDn5p/RKkla+8oCrBIcZEVc7MUas=":{"valueMac":{"type":"Buffer","data":"CnNlo/p/Nr8m67DhvqmVLH1HlO2/K5yfcfUanNqHO1w="}},"18Lpbh+y/CbNgvfsjSvQmIWdy+5BdE3K2tQSX1VPTBU=":{"valueMac":{"type":"Buffer","data":"OXVv3bjqD6kC+1NvsbZ7a+fAcuQPpFD9pMxEt3p3qTc="}},"2bgIGbX7RUGrPmcVj2yW/jE07atpzeUSOhU13NP7yeM=":{"valueMac":{"type":"Buffer","data":"x6EdNpt8dy9rWV7qC0L1O4FxVVNC2aQEvNDA6USDIms="}},"32Sv/aaG6bQwNr7RY4zUVhJL0ivxJjO20X0tcumJQn4=":{"valueMac":{"type":"Buffer","data":"0Y+t0mCiwOD3On8ABHtuqSIVslurSFtbC3Fks2iM3Pg="}},"37WB405qklhWBM0OfJqqmriBBv2sLqooAILvboplTIs=":{"valueMac":{"type":"Buffer","data":"7MmWaymuqvKL9h8a5vo2GCsABRcGqvWulgJJNOYZFMg="}},"4OantnosHGitp15wATuf5Qq10VWw3hw28wnIaTO8GnE=":{"valueMac":{"type":"Buffer","data":"R7cWbvOWgvfsC4KZ4rab6lGeiC19C2PH9/PWVXVzVX0="}},"4VPaagt0ZTX8THlVnT3WXI1oYpuRjew5ZePmNw8Yvl0=":{"valueMac":{"type":"Buffer","data":"2FiYCnH0JfL/IY1e6U1DxHY+/J3nByBTWUCCUD0BhAw="}},"6lueE5EZDaCsKdrWQHQFu6TotrrQMnkjcC85V7bxMV8=":{"valueMac":{"type":"Buffer","data":"IwRo+4Dnh0qA2phwZt8gQy47R7W9XRJSuPE1WdceuG8="}},"7U3SLaBweJ2v33bK1/8x+SJ26WS13kkbFz54TEs/dhs=":{"valueMac":{"type":"Buffer","data":"NHZj1CkYivfGivxxUUyVw7H/ngoGehUz1e+PsyMg2Ak="}},"8ESY9FsHymM2le8rTSsBcEDs3f1vXvQawo3rmFj+sxw=":{"valueMac":{"type":"Buffer","data":"QqYkm5fyXuVhBfdjdx34n5Z/KYxftymrND77PD66TdI="}},"9arSpCXHHwlVqNEekByh7oABgQJSE7Rjj8Fhzd4NyyI=":{"valueMac":{"type":"Buffer","data":"84d3fwfMnq/Er6DU+D5SC2ROuvvh/09n3m/cWtD6mBI="}},"9oet50x/aklYYvu6ZkQ4qm4ssOWziW2y2YtIHeLKoXw=":{"valueMac":{"type":"Buffer","data":"u/vGN7vOnika/oSgU2Thh7IGcnxHJwlV20vnuKq6YTo="}},"93r9hfcVV8XzcC7+z+HDmX0zeqmIqQKlcwHoLXsBL0Y=":{"valueMac":{"type":"Buffer","data":"qGNuPfYtPoVKCukVd8kQZEsdIC3Kbe3lHsmaagGyHfs="}},"+G2WRlPDlzRLcBMN6amaoxcdT3egRVlhgaFIY3amy5Q=":{"valueMac":{"type":"Buffer","data":"c6A+teZjZIhjEzKTkN1FhPlNKgl/791Dlg9TfiOhBE0="}},"i64Q1RqHpj05W+H49NHA8BnKyjqXoc6QXtJUYMOYwcU=":{"valueMac":{"type":"Buffer","data":"WePTMok29qmcaDr5qD6ppWT09Oz1XDmgJ+wW0jySGTM="}},"heFuLLh/vZAUUdlqvXtJ3TzwRLER1K029PS/pj1k5Y4=":{"valueMac":{"type":"Buffer","data":"tqOtBVyF35e1GmrWAQL/lvHx5hM9SC8hk9YdaJbYOsc="}}}}