{"version":3,"hash":{"type":"Buffer","data":"ogyMS1cLb3XKlgL5FkJnGRQrKP/NIlxxCpSOnwRAHhDqOV3OO1ypRmya+7RZNWSTExxPRV9E0UAle2duCGyR9wMcAiuR33BR3YAoepYF+kVbZPxR0mWpbFNkmPLXPiRBk1XQ9t3zMZYGWUknVYcf09ikwTbpzEFE6tdHAGp7fRg="},"indexValueMap":{"6MXAwLuqWZxXjfadufSrS+8tqr3Vw4ffEmlbtWLA7KU=":{"valueMac":{"type":"Buffer","data":"++zLo5AALRKZncDldbnqRKc3ZYCjfv2BnmJHIQuOV+E="}},"A2hfFFxL9LHdphW9w6H8l/SwV5wJR9IwAmKGDx5hY68=":{"valueMac":{"type":"Buffer","data":"kiJh53haiocffdUv9Gj/QaVdooMtYma/eEPZdb7OU3Q="}}}}