{"noiseKey":{"private":{"type":"Buffer","data":"YIvexDVLKJodIaN2IaWdnlIvsdpCgFv1Y+mli4grZ2I="},"public":{"type":"Buffer","data":"nLprY5+y1OPyUEBcsxug+R1J8Vx2xTrucucJV3BM5yQ="}},"pairingEphemeralKeyPair":{"private":{"type":"Buffer","data":"WDIXHPdPGaKLW13P3MftQkMevNI5QidRcUcPk6BksUk="},"public":{"type":"Buffer","data":"iMwkkknH/5JXtOPh2Pr6nagfbe2keKTqqsB2MYNYKkc="}},"signedIdentityKey":{"private":{"type":"Buffer","data":"yPN1wau1qvkggntBqmvJCb25YJV5IfOe0xIqc1yofFg="},"public":{"type":"Buffer","data":"fP7svxY+sf+Vf9Mbhw4fBFPpnpx5q3T68elpgJMFE34="}},"signedPreKey":{"keyPair":{"private":{"type":"Buffer","data":"aOtVO15iVSA4aszicJtSTOWFW3aCpdEFPDMy3gykgkk="},"public":{"type":"Buffer","data":"V6vVKLuoY+NlC0+HQpJ69juCOoIA3lsDF40opG/SeRk="}},"signature":{"type":"Buffer","data":"FJIEnXXNt9hvY9GJqvEOyLnzXBS0OY2ZvYPwvkzFdUd8tpYbEKiB91w2S5qCqad0qhmKJvclrJqqSOg+Y56vDw=="},"keyId":1},"registrationId":2,"advSecretKey":"7tspYEHrYiTmkVoVGlEdPeDIP9omB2t1+U3fZWkMdto=","processedHistoryMessages":[{"key":{"remoteJid":"6282259205322@s.whatsapp.net","fromMe":true,"id":"10DD058CAF91A5AB5114FB45579F64CD"},"messageTimestamp":1701785932},{"key":{"remoteJid":"6282259205322@s.whatsapp.net","fromMe":true,"id":"B520E3BCF249E1588BDD579A71D3EED3"},"messageTimestamp":1701785935},{"key":{"remoteJid":"6282259205322@s.whatsapp.net","fromMe":true,"id":"D46089482BD17E4B9628D3C2C5393285"},"messageTimestamp":1701785951},{"key":{"remoteJid":"6282259205322@s.whatsapp.net","fromMe":true,"id":"7ED5AB9A39C392287B251DD841F1365B"},"messageTimestamp":1701785964},{"key":{"remoteJid":"6282259205322@s.whatsapp.net","fromMe":true,"id":"B689DBBD9E4D8A1B84FAD21F609DA98F"},"messageTimestamp":1701785976},{"key":{"remoteJid":"6282259205322@s.whatsapp.net","fromMe":true,"id":"84F1F32D4E2BC147A6FB7CCDE2306E3F"},"messageTimestamp":1701785990},{"key":{"remoteJid":"6282259205322@s.whatsapp.net","fromMe":true,"id":"82D5A0DC83B3133FC294E65A96520619"},"messageTimestamp":1701785996}],"nextPreKeyId":94,"firstUnuploadedPreKeyId":94,"accountSyncCounter":1,"accountSettings":{"unarchiveChats":false},"deviceId":"RajTABJTQEmmumSKJSqOCA","phoneId":"26428d31-4db6-4a5c-ac75-d48f458aa5f4","identityId":{"type":"Buffer","data":"PJBRq3Nj9fJV06MwPOfnDpbKD7k="},"registered":false,"backupToken":{"type":"Buffer","data":"xMO65WoJ4Zxyf8WGbnOxT7oEldE="},"registration":{},"account":{"details":"COyTuqYEEMPivKsGGAE=","accountSignatureKey":"cz5w/5PGhWCoMXO+kShpojlh0ty43gMALtl9hyDO3iM=","accountSignature":"rpprN2MryE2dlAJ6XC+ELjoGzZ2Pkq2FcHJIdHiiTUO7mc6NAbwF5cEHtA4x+pbFelb7OclGfruKVd8q+I3jBQ==","deviceSignature":"iJEcsw3WeJ7pTxk6FxDOKJHEtCakPHDadlfrN6ffveHWkR2r9+CyvrSiICg+V0/c8HDI1w4vD93OzubOke6QDg=="},"me":{"id":"6282259205322:4@s.whatsapp.net","name":"Dewi Hastuti"},"signalIdentities":[{"identifier":{"name":"6282259205322:4@s.whatsapp.net","deviceId":0},"identifierKey":{"type":"Buffer","data":"BXM+cP+TxoVgqDFzvpEoaaI5YdLcuN4DAC7ZfYcgzt4j"}}],"platform":"android","lastAccountSyncTimestamp":1701787389,"myAppStateKeyId":"AAAAAH0k"}