[{"senderKeyId":2139218388,"senderChainKey":{"iteration":0,"seed":"lGVheiM8YqWzlcbegB507KhFbGDiNK2BWF39WjAcsWw="},"senderSigningKey":{"public":"BdbiLtM9Hhvj6sfCm1tBI4d83D2l//W/LGTNHUAXcmMd"},"senderMessageKeys":[]},{"senderKeyId":989409078,"senderChainKey":{"iteration":5,"seed":"m4erxzCWZuWTGHnwun1hdjmejSVuqbxLQlAN46s/8jA="},"senderSigningKey":{"public":"BdYEluX0T93yzvxVWFBa5BpDksMocWdEPmgOwYiRDNMZ"},"senderMessageKeys":[]},{"senderKeyId":1150998396,"senderChainKey":{"iteration":3,"seed":"7eojemwT+dgKNykEGM45biVsaKurEgNCDrqXoM4syU4="},"senderSigningKey":{"public":"BSdjGzSv3QHwKGHXFliQd1WNBGxwOGtpj3ii3wmsw4xL"},"senderMessageKeys":[]},{"senderKeyId":1236017632,"senderChainKey":{"iteration":1,"seed":"QsS7keJ3lJkMLwhdjvxJaE9KvsHySsEJVV3hQnDvtMQ="},"senderSigningKey":{"public":"BTxHvOkzX78klY5Uhm3lFqxWsO76JXYqhnYHEDNxfnJ2"},"senderMessageKeys":[]}]