[{"senderKeyId":160403436,"senderChainKey":{"iteration":2,"seed":"lB7XLEBAj7W688IMu1w1jkketU5n+/48thLweEF7CTI="},"senderSigningKey":{"public":"Bfm7ksEFCz2Ozs/e8Oao1OfhRp0FOxeIf2Pn7TP07CMz"},"senderMessageKeys":[]},{"senderKeyId":573807961,"senderChainKey":{"iteration":1,"seed":"/OY+EdxEXUu0Lq+9JTohygfCM+a7e0tsKYD1QAcFs00="},"senderSigningKey":{"public":"BY0Vf2sDHdtdrynLEysv7J5wTRnUmcGpaA0Nab66aoYn"},"senderMessageKeys":[]},{"senderKeyId":593084103,"senderChainKey":{"iteration":5,"seed":"UjOffj7yc2gLl28IR3tqxExEqbSnyV4t05p8a9iGTS4="},"senderSigningKey":{"public":"BfFm5qyfvztR7h0Sv4efmJdS+l1jw4P9pOtb4SCej6ID"},"senderMessageKeys":[]},{"senderKeyId":1069054913,"senderChainKey":{"iteration":2,"seed":"ddcErdplGFvU6rIltelovRKX2RTdwG8tWrj5LDyKqOg="},"senderSigningKey":{"public":"BXk4TefRckgp1p49S1/qYI4fk42HbKKwYY0NI87SwW1Y"},"senderMessageKeys":[]},{"senderKeyId":140216504,"senderChainKey":{"iteration":4,"seed":"7JAl8haLAImlgavwWhQKyl/GaBeKeDWCgmY62G3DSHI="},"senderSigningKey":{"public":"Bf0/1GHby0TAA5QEPEohjACuOJxn6+E5hgzG62F8zrgU"},"senderMessageKeys":[]}]