[{"senderKeyId":462470825,"senderChainKey":{"iteration":1,"seed":"DF3UHiN7U/8o6/MbZbKmUPCv56d1lVQ3KJzwFJbqBoQ="},"senderSigningKey":{"public":"BegZ7OENH8e09CIQjxkEJpPLEiX7cLbqIchf9OeLQ4Np"},"senderMessageKeys":[]},{"senderKeyId":340221221,"senderChainKey":{"iteration":4,"seed":"PVZRcv3+P1OA9kXo23/Ae/PcVC57YGF0pA1gfWy4We0="},"senderSigningKey":{"public":"BSEMU/eUuGdCI+g3Jgvk49B5acQqEvVKZ3anvrKVrixF"},"senderMessageKeys":[]},{"senderKeyId":1396159846,"senderChainKey":{"iteration":1,"seed":"LwnrvCp9hoWbQgZOrNkYNUJ89OTnuoSN4JJpPgfeNUM="},"senderSigningKey":{"public":"BcRAjp/KyC7oLTZiV5QzxGTRyTb1aoJF9DB9VzbAlk5i"},"senderMessageKeys":[]}]