[{"senderKeyId":1838900934,"senderChainKey":{"iteration":1,"seed":"QzymQXUudluQTTx/rBY0Cmukzii4hcAIdDZtridKdyY="},"senderSigningKey":{"public":"BaV49mjjluSpZjCRhnt9dIj5FHG9y0ja00SXnS4ekpMb"},"senderMessageKeys":[]},{"senderKeyId":1225911500,"senderChainKey":{"iteration":1,"seed":"5VyXpH9kfbjJJ6A8DzaVzFS3U7sC4dgpfguqys9BWg0="},"senderSigningKey":{"public":"BSWEwsvsfU6UkYXNCEalk8SYUY8MFT9pbaCpA+BkdeY0"},"senderMessageKeys":[]},{"senderKeyId":570726324,"senderChainKey":{"iteration":1,"seed":"ltgDU4eHh5vYRoOsmf2d1e1m2t9kxKwf98iLgwLve5c="},"senderSigningKey":{"public":"Bb1JDUU0XDYqIaNSW6P8vdknyH1OizeUTR0uAvYCNiRg"},"senderMessageKeys":[]}]