[{"senderKeyId":296175376,"senderChainKey":{"iteration":3,"seed":"9206DCO8qMGg4Du6LAMAVC/S3qkwH4zYgY0wrrprDcI="},"senderSigningKey":{"public":"BddlW5bNwyy0/NmFPxjCPmXwZXqHQxzLENk/ECzhkbko"},"senderMessageKeys":[{}]},{"senderKeyId":296175376,"senderChainKey":{"iteration":2,"seed":"VY3ZtEVSYxVI2EO6DJQ6/EH3lIk7GBV1VCQGu/z87nI="},"senderSigningKey":{"public":"BddlW5bNwyy0/NmFPxjCPmXwZXqHQxzLENk/ECzhkbko"},"senderMessageKeys":[]},{"senderKeyId":1380195608,"senderChainKey":{"iteration":1,"seed":"XiOAaxKruYWvNlE+wRioPJqklIy44wiiem1kws1pi5s="},"senderSigningKey":{"public":"BU9/Q5HDuRwea0Ae8hSG+oohOA2F8FtHaIGPxlIEBQEF"},"senderMessageKeys":[]}]