[{"senderKeyId":1827860415,"senderChainKey":{"iteration":5,"seed":"/qBzxSa9NoUKTJm9vlfB9b+qrVAk5Z1fpD0WmgNKHPQ="},"senderSigningKey":{"public":"BavyNIvsP7UYt2HPUTqBypRu34yi/FLQ9Q6F4v20FCh4"},"senderMessageKeys":[{}]},{"senderKeyId":1827860415,"senderChainKey":{"iteration":2,"seed":"p7GZbdl/N8SiZy5H4Qtcv1zVgGHpn6SOo4ISifiVJG0="},"senderSigningKey":{"public":"BavyNIvsP7UYt2HPUTqBypRu34yi/FLQ9Q6F4v20FCh4"},"senderMessageKeys":[]},{"senderKeyId":1827860415,"senderChainKey":{"iteration":3,"seed":"CQL9sZVtFPOV7vyzBigY++e1ljvKbxgvxqlRHLn3O7M="},"senderSigningKey":{"public":"BavyNIvsP7UYt2HPUTqBypRu34yi/FLQ9Q6F4v20FCh4"},"senderMessageKeys":[]}]