[{"senderKeyId":979909004,"senderChainKey":{"iteration":3,"seed":"CXQ81MuiIJTI8w9dZ9FXOrSLZFsymDEwncp6aU8/BRQ="},"senderSigningKey":{"public":"BfPzku0GSEpgDxR0a3M2xA2Pa+GnnORE/YYNVBYr7Ht2"},"senderMessageKeys":[{},{}]},{"senderKeyId":979909004,"senderChainKey":{"iteration":2,"seed":"c6Ctk5j6o3cA4/kh8jhSwta226RBJyf06WKAE5F0+W0="},"senderSigningKey":{"public":"BfPzku0GSEpgDxR0a3M2xA2Pa+GnnORE/YYNVBYr7Ht2"},"senderMessageKeys":[]},{"senderKeyId":1826896528,"senderChainKey":{"iteration":1,"seed":"9/AzPEzAGMZ8fmzb3ezJ2ehCNLdw/xuSq1aamxuH4O4="},"senderSigningKey":{"public":"BX6axFWwnEDcSTBDd0LX6tm+U8XWJOS6qVAtSJvMukQf"},"senderMessageKeys":[]}]