[{"senderKeyId":993316101,"senderChainKey":{"iteration":9,"seed":"zpNO8yTBGEfy/jegqadJBPEWmpQ2pZBi9QXWh60Fvi4="},"senderSigningKey":{"public":"BRq7G4y3SpibDQadYmBti8INGWA7OVk5BDGZ/gQWXWo8"},"senderMessageKeys":[{},{},{},{}]},{"senderKeyId":993316101,"senderChainKey":{"iteration":4,"seed":"txnNT9rmJlPXbm4vv0bYbINaY1RphiaF3neJ19MsGWI="},"senderSigningKey":{"public":"BRq7G4y3SpibDQadYmBti8INGWA7OVk5BDGZ/gQWXWo8"},"senderMessageKeys":[]},{"senderKeyId":993316101,"senderChainKey":{"iteration":6,"seed":"GMO9mCKHqlESjx4jPZ/75xeuN0hj81CstGrEU2MxIiM="},"senderSigningKey":{"public":"BRq7G4y3SpibDQadYmBti8INGWA7OVk5BDGZ/gQWXWo8"},"senderMessageKeys":[]},{"senderKeyId":993316101,"senderChainKey":{"iteration":8,"seed":"QmbCjJO2WEwFaAUVzkPegVdEx834qfbIcQFmTueWnXo="},"senderSigningKey":{"public":"BRq7G4y3SpibDQadYmBti8INGWA7OVk5BDGZ/gQWXWo8"},"senderMessageKeys":[]}]