[{"senderKeyId":1852616399,"senderChainKey":{"iteration":2,"seed":"bWRsaEr1qN1TlynEp+8zylnuelCOQVGl2X7z5kvxMnU="},"senderSigningKey":{"public":"BexhLCUI6IUNRHeWnZwsEo5Squ4MfO80q1i1RpHzyFkB"},"senderMessageKeys":[{}]},{"senderKeyId":2356212,"senderChainKey":{"iteration":3,"seed":"YFJUVk7S5AuaOJeoOCyM5FY254dhgWuD8mOyFgdyjW0="},"senderSigningKey":{"public":"BX9PdedxtYvZ84FFZxU2UJ/ztBtWhhSoxI/lLglwxlRp"},"senderMessageKeys":[]},{"senderKeyId":31972760,"senderChainKey":{"iteration":3,"seed":"VeLxfoxelKeJRGTIaNlzK3JbUn9LvtmV0YO7rEFEm3Y="},"senderSigningKey":{"public":"BTcir5P0OelV9JrqBK+xMoEwumgBBvHcav4WZgQTQ30E"},"senderMessageKeys":[]}]