[{"senderKeyId":1542520313,"senderChainKey":{"iteration":1,"seed":"40XpcNPNx8SKUl5FCNck/Hmht1aii3lLUWQPcqiJ4OQ="},"senderSigningKey":{"public":"BQpLeVc8bp24gWT3vxBRGvXFVnjjFVCCFHkpdh7afLh6"},"senderMessageKeys":[]},{"senderKeyId":638333571,"senderChainKey":{"iteration":2,"seed":"xTuN66AoO6Pj36ZQt67lbW0laQOEJ2BFqumlsHJVoGo="},"senderSigningKey":{"public":"Bdx9M/KV15asbfAR0zWJSZ74NPIGCYDbfnTs1OJ3pbhC"},"senderMessageKeys":[]},{"senderKeyId":638333571,"senderChainKey":{"iteration":1,"seed":"uwUyqiLj4MEg1wkCQSgoD9TdJAntPXoJsi0XlfQrOMY="},"senderSigningKey":{"public":"Bdx9M/KV15asbfAR0zWJSZ74NPIGCYDbfnTs1OJ3pbhC"},"senderMessageKeys":[]},{"senderKeyId":1534927645,"senderChainKey":{"iteration":1,"seed":"bxECJcB+DpfnZQeq89u+t7UVDaJ5YXcGdsdi06IOdKk="},"senderSigningKey":{"public":"BZUsBS6jHaa4N6xkFdMFbKaSwgLscuzlUDHXevDjA4FP"},"senderMessageKeys":[]},{"senderKeyId":1329791296,"senderChainKey":{"iteration":1,"seed":"jfboX/661W3soTk5JgCCe8mgmbs0YH60f3RjAujxH64="},"senderSigningKey":{"public":"BT/EBpRPSZXi7DeT63ea6OxpjNPn3oGnLA7gh2IBYhB3"},"senderMessageKeys":[]}]