[{"senderKeyId":81262554,"senderChainKey":{"iteration":4,"seed":"EvH0s5qxipqB/Jo60imcTAQu7Vy8V+H2hFRbdOHkWoQ="},"senderSigningKey":{"public":"BTEHnImdET2bGJI6/SquoLXooqdHk9rYf6KfsoGIN6UI"},"senderMessageKeys":[]},{"senderKeyId":1147330759,"senderChainKey":{"iteration":6,"seed":"FyXagyZV0dXA5+D1wyY70C59Ee5G0FKmUjNXLK+TSfU="},"senderSigningKey":{"public":"BRIMjTJewO6mdOSaB47y7J7UZp8ghcq3AKa/KyO3AK8G"},"senderMessageKeys":[]},{"senderKeyId":1147330759,"senderChainKey":{"iteration":1,"seed":"xkS2/TUuPrJpOtZ8Ej7OrQ5J0jzZW+lvCvVSbXo1kBU="},"senderSigningKey":{"public":"BRIMjTJewO6mdOSaB47y7J7UZp8ghcq3AKa/KyO3AK8G"},"senderMessageKeys":[]},{"senderKeyId":1147330759,"senderChainKey":{"iteration":4,"seed":"5107QR+HQKc40ZTn6fqD8auyMx2oMSqKL4+NKoWW0Ac="},"senderSigningKey":{"public":"BRIMjTJewO6mdOSaB47y7J7UZp8ghcq3AKa/KyO3AK8G"},"senderMessageKeys":[]},{"senderKeyId":1898755220,"senderChainKey":{"iteration":1,"seed":"E44AMH2DW1PkwKuMCy14xhvD+9TTO+5kSwMpISBuLng="},"senderSigningKey":{"public":"Bb4+B5YHlwJXfKpXTkw/2ALi8KUNX9qN2ndItvDrmv0b"},"senderMessageKeys":[]}]