[{"senderKeyId":412737842,"senderChainKey":{"iteration":2,"seed":"eX9V4jpsGrtYwgmLGRZ6MLTcu4T/YL1MSfFU391kPhQ="},"senderSigningKey":{"public":"BRSjOXHiNL1xyHcbsSPspBG02au95wm26GgeeaxLRGYU"},"senderMessageKeys":[{}]},{"senderKeyId":412737842,"senderChainKey":{"iteration":1,"seed":"NKqtr8YXbT1+OkcLl/hmiHNw6KxWHkYrakCRrmPlqxY="},"senderSigningKey":{"public":"BRSjOXHiNL1xyHcbsSPspBG02au95wm26GgeeaxLRGYU"},"senderMessageKeys":[]},{"senderKeyId":333625970,"senderChainKey":{"iteration":1,"seed":"W/HljpwJMPZA2yOghC4QEL/uNsWW1VfgMrar1dyeh6c="},"senderSigningKey":{"public":"BTOwe4oC3oe8pKW9UjhoIrDRKzImKMZ9gxuy+x7dbLIE"},"senderMessageKeys":[]}]