[{"senderKeyId":2000321857,"senderChainKey":{"iteration":8,"seed":"kVBlIPMeKYjzCnHuOIJJXHQGaVoLsHSv8KrzIAzD7uY="},"senderSigningKey":{"public":"Bc2SIzmG4LdolRRsRPqYu9K37628+uyhf39IQPjWnK5i"},"senderMessageKeys":[]},{"senderKeyId":264433557,"senderChainKey":{"iteration":1,"seed":"4ckVvBGH9YVMGaR40lq3zT6BO2LHSE3QG5ffCShnHH4="},"senderSigningKey":{"public":"BbXj5sgqopX+QdFOb7/j6OuduKzVYa80PH1tHDfXRmVY"},"senderMessageKeys":[]},{"senderKeyId":1280588157,"senderChainKey":{"iteration":1,"seed":"9/lk3EzPni5HyWE5JN+R+RJ23Csh/PHqRc9L+sdmczU="},"senderSigningKey":{"public":"BSoR0fhQMxykJ5X0va85Svc9h71964VDVd23uKvcTrZs"},"senderMessageKeys":[]}]