[{"senderKeyId":1820084772,"senderChainKey":{"iteration":9,"seed":"iHSIvagfAN0ySR4yu57GBwnuUOAL5psb4fRhxIc3YdU="},"senderSigningKey":{"public":"BdjkkmoCfNsXxrrjXf2w8MLd+87Ftfc4yCs3n2VOvKs0"},"senderMessageKeys":[]},{"senderKeyId":1820084772,"senderChainKey":{"iteration":4,"seed":"LHFNower//7/n9x8rfy0KswLEy93NEXtS+QsWA5YRzY="},"senderSigningKey":{"public":"BdjkkmoCfNsXxrrjXf2w8MLd+87Ftfc4yCs3n2VOvKs0"},"senderMessageKeys":[]},{"senderKeyId":1820084772,"senderChainKey":{"iteration":7,"seed":"adRTaEmKlNU0jwDev1ienZDjUF8etXUyelRmotq5kYM="},"senderSigningKey":{"public":"BdjkkmoCfNsXxrrjXf2w8MLd+87Ftfc4yCs3n2VOvKs0"},"senderMessageKeys":[]}]