[{"senderKeyId":773249181,"senderChainKey":{"iteration":1,"seed":"GzubqPYp/xX5hDO+58Th4F8B1CmzRv6nu+V4JC+OD0E="},"senderSigningKey":{"public":"BTYxJ9dQ/TipP+Inp32pUfYrRTn85JcLe0iw4tPXYi4M"},"senderMessageKeys":[]},{"senderKeyId":817133465,"senderChainKey":{"iteration":1,"seed":"deZ4nvdVy0gSRnLrPl0u9z/r7vgKfzXbnft1fl/Ycss="},"senderSigningKey":{"public":"BWOhfItnCpcbDNPQFb269l6B5F2Vq9InM+BZudJ9nag5"},"senderMessageKeys":[]},{"senderKeyId":203377197,"senderChainKey":{"iteration":1,"seed":"0ymbB100zgHbSGOE54JATVsFBBk8Xdourxrxxxh+zM0="},"senderSigningKey":{"public":"BRIaBCC5P3xo8by07kUE7GPlAtJv+IrvITE3S8hTCqY5"},"senderMessageKeys":[]}]