[{"senderKeyId":1438183449,"senderChainKey":{"iteration":1,"seed":"V9zuO1rWmtVbDhLHxE09O0NnhW7/zk1+s+n0iXyj30k="},"senderSigningKey":{"public":"Bc+/jtMXwO//iEKSCe4vx+3SCj3VNpCzpHyu2YcZbD9H"},"senderMessageKeys":[]},{"senderKeyId":1642811055,"senderChainKey":{"iteration":3,"seed":"Rp2kiYdongZE5D99/727r/nd1Rv7RNW23mzHJs0WAng="},"senderSigningKey":{"public":"BY7MtDt7zSD+/uSPA4nj/Hrf8rhCTDr9Rf0zkFJTWfBW"},"senderMessageKeys":[]},{"senderKeyId":2025138382,"senderChainKey":{"iteration":2,"seed":"QcVAHg25Cwb5apf2sx155WAFs1lgiufxjaoGls4Jz9A="},"senderSigningKey":{"public":"BUESuvblc8gNFLBuB2HscpqjZaAQOKbCi8i4iJWUQZlq"},"senderMessageKeys":[]},{"senderKeyId":1368681436,"senderChainKey":{"iteration":3,"seed":"HvkMN54IxwenCDdrcCYTbklX1Wqug9d9yoSO68iPNHs="},"senderSigningKey":{"public":"Bfcp8N9tCMgQUSpESDDAZajWGltw4Iay6i6qAv7fS9p6"},"senderMessageKeys":[]},{"senderKeyId":1614108850,"senderChainKey":{"iteration":3,"seed":"SzxUJH+H8Du5vPu9LRfpoZK4zdIgq/cG+rIGig+8R5s="},"senderSigningKey":{"public":"BUJQkJr7cYTf7Y5PWeWq4upW1oQ1QSEKZzUIXzxltLwo"},"senderMessageKeys":[]}]