[{"senderKeyId":1206136871,"senderChainKey":{"iteration":17,"seed":"thXJdZNj0BuaNUD8rSaIaudi5lgRokB95mB7DmmpapI="},"senderSigningKey":{"public":"BXueSlTInnPLkQI8jI2stAa1h54AMW2yEKrYh+KQWQVY"},"senderMessageKeys":[]},{"senderKeyId":2042562255,"senderChainKey":{"iteration":10,"seed":"sT6CZJf+/8DGloRhBIht2wpjbndXxgo2+vQu4e9PCbs="},"senderSigningKey":{"public":"BZR0VLs/ekuVuWIIIHu0aptcZWeT4FJmg1ti1r4UMzQD"},"senderMessageKeys":[]},{"senderKeyId":2042562255,"senderChainKey":{"iteration":9,"seed":"Jv6G3rQMw7zNbH37fiLfhvPS+FMWlq8Z63v5oS1va+E="},"senderSigningKey":{"public":"BZR0VLs/ekuVuWIIIHu0aptcZWeT4FJmg1ti1r4UMzQD"},"senderMessageKeys":[]},{"senderKeyId":2143742173,"senderChainKey":{"iteration":4,"seed":"Cq+S8Rcs74GoL/nsDSNUN5Q6wZ76LBjCnXyM9A04TKk="},"senderSigningKey":{"public":"BcFEzbT77RpTbEj68e+9Buj4WDVC67EHyija7AXZXYth"},"senderMessageKeys":[]},{"senderKeyId":1252926392,"senderChainKey":{"iteration":2,"seed":"PjyOcQc19skhCa3LKoKc6GqFwRdPBP6HnChfMTV5tdQ="},"senderSigningKey":{"public":"BQV2MNKTCPRC40Ufb2R0JEM7OoFe1XarJc6fhP3/c5VR"},"senderMessageKeys":[]}]