[{"senderKeyId":15692664,"senderChainKey":{"iteration":0,"seed":"ye7bLjwvlpS/j8CCkO1kbUVW21grvbFKnLAylj3p3Hg="},"senderSigningKey":{"public":"BT36/GHTO3N94nOruezPQqVcaJH6MYuQ77OQG9tTLl5o"},"senderMessageKeys":[]},{"senderKeyId":44581984,"senderChainKey":{"iteration":1,"seed":"mS66SpIqJybcjLQJGBlIB8xCnlP5U3yPi3Vl59gypiI="},"senderSigningKey":{"public":"BZ0AFndjBlPHg64MUJC+O4INT2gz5QQex3sJRVECn8Ua"},"senderMessageKeys":[]},{"senderKeyId":406883388,"senderChainKey":{"iteration":2,"seed":"go3GyIi1eTFObsFF6A8Gm3kzLDbfGCy3deiCE/8tNcY="},"senderSigningKey":{"public":"BfwF0/Nc6Jo4v2sNQeACzTVbTtsVgIRTW8lxKkLRqB88"},"senderMessageKeys":[]}]