[{"senderKeyId":190962152,"senderChainKey":{"iteration":5,"seed":"d66PPS+koCjnZX7rQTdbMI0tilRNQlmL8MuNIYVIWNU="},"senderSigningKey":{"public":"BVJCAo2oy+X9/BW28h5CVZXeT4khA3B7SQ3v/HCKQYZi"},"senderMessageKeys":[]},{"senderKeyId":1945025750,"senderChainKey":{"iteration":8,"seed":"TncRlAZj9rnYKF4UXudsqwhYTlPyoT0lhVrhfs3YHXg="},"senderSigningKey":{"public":"BeTGqQ5F+yCzXka8nGXqa4jLlFC1IAlPBg7F3LD90E0T"},"senderMessageKeys":[]},{"senderKeyId":817204359,"senderChainKey":{"iteration":1,"seed":"g/FcHnKNUTzSLtx6EU7Rx6Bx2RgBDoqSVOK2VcBllHM="},"senderSigningKey":{"public":"BeasjSZPRwpg/CYpzEEk9lkrYSlLFel3l5+gYU7pPXJx"},"senderMessageKeys":[]},{"senderKeyId":886995653,"senderChainKey":{"iteration":1,"seed":"KeCAoTVqW5wfcqr6cuC8xfKyIUxa+4bJBZBd+a7IxNc="},"senderSigningKey":{"public":"BQMkso0tE6+WxS2AfhdHuLcIgY09Ky2JTg2c9p62Ot4A"},"senderMessageKeys":[]}]