[{"senderKeyId":976868404,"senderChainKey":{"iteration":0,"seed":"PBMtx1YLg9ZDwy4CXqqYaYeu9ydBYay7/XdThX1sA3w="},"senderSigningKey":{"public":"BV18x76dTCtpZE/OrvyoQ35rczOuPCEsxeUawi2xOKR5"},"senderMessageKeys":[]},{"senderKeyId":169718517,"senderChainKey":{"iteration":1,"seed":"MmR1SgU45PWS9gWs2diuu0bmz/AZz2cztsBBAyiwsJA="},"senderSigningKey":{"public":"BeA196GCI1EE111rQESyURIh7u491aHPbHGVXdwAuawi"},"senderMessageKeys":[]},{"senderKeyId":965774357,"senderChainKey":{"iteration":1,"seed":"VEaKNk4cxHWx9K2uxImTM63/CnAkRi2yMtV3epnPz3c="},"senderSigningKey":{"public":"Be8ZAlFKKhluWkxK5KXwdhVzhqtUfp4dus8wApbaRXk6"},"senderMessageKeys":[]},{"senderKeyId":199132258,"senderChainKey":{"iteration":1,"seed":"voopyMxRcEasr3oK+o0+pG+++UCDG8WC2s4cCGKkyV4="},"senderSigningKey":{"public":"Bb2r/NWSFEYpBEl5y0WyzBk9Cu2NyBkOvNY+4aj+p51Z"},"senderMessageKeys":[]},{"senderKeyId":1568255011,"senderChainKey":{"iteration":1,"seed":"UWtsqOmTrIG3xqBpxyvQ8zfcCMlBZ/d4z5jLvNWrNDE="},"senderSigningKey":{"public":"BUjTbQXgg18rKul3d2jNn6/vnlPcqyy/9tWtdYqpyRBJ"},"senderMessageKeys":[]}]