[{"senderKeyId":690206669,"senderChainKey":{"iteration":5,"seed":"rpJ/SW7FRO2zfrRx9mWGRYQ3TAPE+rXl1VEgkUckVLY="},"senderSigningKey":{"public":"BRO/BIk27b5Y36Q8oOtnPhmEk7jQhJ8KYHwynvcDeO9q"},"senderMessageKeys":[{}]},{"senderKeyId":690206669,"senderChainKey":{"iteration":1,"seed":"nsYoygDw05CCtpCqQA4kAWmNu95tp/UPaZlvWQBE8tU="},"senderSigningKey":{"public":"BRO/BIk27b5Y36Q8oOtnPhmEk7jQhJ8KYHwynvcDeO9q"},"senderMessageKeys":[]},{"senderKeyId":690206669,"senderChainKey":{"iteration":3,"seed":"bd2UgqHS+pznWnjA8AxdUrICY/3ByjlNWQtK220NGQ4="},"senderSigningKey":{"public":"BRO/BIk27b5Y36Q8oOtnPhmEk7jQhJ8KYHwynvcDeO9q"},"senderMessageKeys":[]}]