[{"senderKeyId":724824996,"senderChainKey":{"iteration":5,"seed":"XnwKszEaUDsyvpisgbS/cEzkbJOHE4YXw6BL2DOry6Q="},"senderSigningKey":{"public":"BcMDz+/k8C6JCEFNmDE0Pque463osX12H6ou3XcY9Udu"},"senderMessageKeys":[{},{},{},{}]},{"senderKeyId":724824996,"senderChainKey":{"iteration":4,"seed":"tX9Gu39OOdn+j32gC/whBuLW8YrchXzNYOJZCKdG8P8="},"senderSigningKey":{"public":"BcMDz+/k8C6JCEFNmDE0Pque463osX12H6ou3XcY9Udu"},"senderMessageKeys":[]},{"senderKeyId":1858524176,"senderChainKey":{"iteration":9,"seed":"wznVHaSEjGt4ouskGbqQ5DmKZPyeWcs5Tyb7OzjXkQU="},"senderSigningKey":{"public":"BcQynleP5Q2KHKHIAfyXfiiNvPFiwR+hxeMlCHo29GRb"},"senderMessageKeys":[]},{"senderKeyId":1858524176,"senderChainKey":{"iteration":4,"seed":"QVC3MWP9B2rQlnc+fjwmDnxfWtQKACZTGfX4xEAn1NA="},"senderSigningKey":{"public":"BcQynleP5Q2KHKHIAfyXfiiNvPFiwR+hxeMlCHo29GRb"},"senderMessageKeys":[]},{"senderKeyId":1949692669,"senderChainKey":{"iteration":3,"seed":"57P6t8fnWaYci4GW/EXayi3B3fXl7wtnsN9WvFFzlXk="},"senderSigningKey":{"public":"BTHm6NmPGS3V2/SmM5EugMKhwZXSXLe6vwdgKb/pNY5P"},"senderMessageKeys":[]}]