[{"senderKeyId":345389499,"senderChainKey":{"iteration":1,"seed":"vlFUjiLxlgUUr0NtXsw4t4FkUrinqGIe5bbn/2YvEAw="},"senderSigningKey":{"public":"BXPxI9cdmLTsqx5oQPF5HzV7mzj0dnFc/usMTkLp1UgM"},"senderMessageKeys":[]},{"senderKeyId":1322935975,"senderChainKey":{"iteration":8,"seed":"yl/4GohTEG+nBSSQVovORgTVdNE1ngkJOrL1aknqTnI="},"senderSigningKey":{"public":"BefRRUbf98f0KkfFZSRqBwLb5Cb8yFJYy2sd4GaxRp0j"},"senderMessageKeys":[{},{},{},{},{}]},{"senderKeyId":1322935975,"senderChainKey":{"iteration":6,"seed":"HbQFNJrzy64Je7hwEffTZyHzM53EWfJObQKxr/aChJg="},"senderSigningKey":{"public":"BefRRUbf98f0KkfFZSRqBwLb5Cb8yFJYy2sd4GaxRp0j"},"senderMessageKeys":[]},{"senderKeyId":1294299881,"senderChainKey":{"iteration":16,"seed":"wIbGKX6a2h1Q5G5mEibE7j1Pk/+qt5LddffZvcKsmU8="},"senderSigningKey":{"public":"BazecDXIxaSDLzemuWHs0Gc3gCdWRH/yi+7n+RW51GNV"},"senderMessageKeys":[]}]