[{"senderKeyId":2017945712,"senderChainKey":{"iteration":1,"seed":"OaRlamukSNfY8VM3j6sUvzx8Ugdc3zFkvcaNbRt9crc="},"senderSigningKey":{"public":"Baqexc2PzgsbLlw8BPidcCAzNzp5XKbUoWggaXmTv+J8"},"senderMessageKeys":[]},{"senderKeyId":1753845819,"senderChainKey":{"iteration":1,"seed":"wu9ABBSOKj0vowywqP+iQL4MRrki3o/3M+qJsIovaDA="},"senderSigningKey":{"public":"BUX9r7+KDzXdONqw6lU2v3XruGRh0SIQe4JS5L0KCNUc"},"senderMessageKeys":[]},{"senderKeyId":425266645,"senderChainKey":{"iteration":1,"seed":"YMKoxSQIixX2BCwdwCzADTCtu/gj2O+wklF+NcPKKLc="},"senderSigningKey":{"public":"BTRNz19W8GSFTi31ybR0S4N/9NJMZMgGxklMCFFy6PxX"},"senderMessageKeys":[]},{"senderKeyId":2046988096,"senderChainKey":{"iteration":1,"seed":"cwzfZqaAz50gu4QYLYGdPYMRij1P2NybIJhT5MyzLLQ="},"senderSigningKey":{"public":"BTDrZqh51FuZGajIBD4r3+jMaj5ZcLxseu4WENGaVs4d"},"senderMessageKeys":[]}]