[{"senderKeyId":637532314,"senderChainKey":{"iteration":4,"seed":"PhK1bNdz7JxLykHSelOKp6p+juSfDKLeceV5e+lG6KQ="},"senderSigningKey":{"public":"Bc2fYVYlzK39bfO4pPdENRiEgSh5c7o9tMAq0ruYbvhR"},"senderMessageKeys":[{}]},{"senderKeyId":637532314,"senderChainKey":{"iteration":2,"seed":"ckFj8zYryu2gCnhZpH0pKYd5bQbuFovpd3PaFP2NBkg="},"senderSigningKey":{"public":"Bc2fYVYlzK39bfO4pPdENRiEgSh5c7o9tMAq0ruYbvhR"},"senderMessageKeys":[]},{"senderKeyId":1047455961,"senderChainKey":{"iteration":4,"seed":"M4d0PQJ/W2TCIP+IDYHArgmgaYWFPqzwUSVUdRYTVQY="},"senderSigningKey":{"public":"BZvr1OAeB+pgIY0dNi1pVUsVllKkdsDMcs1UpoaWt0kI"},"senderMessageKeys":[]},{"senderKeyId":1047455961,"senderChainKey":{"iteration":2,"seed":"jKwBVeEem8fTd+aEZZ11nSPgDQy0Cti6OnpsWOL2nIk="},"senderSigningKey":{"public":"BZvr1OAeB+pgIY0dNi1pVUsVllKkdsDMcs1UpoaWt0kI"},"senderMessageKeys":[]},{"senderKeyId":847000300,"senderChainKey":{"iteration":1,"seed":"1hLsOc5AQA4FxCnTcBqmctw7buQ5UsxjEIdD2A4URik="},"senderSigningKey":{"public":"BXLgJxgCCmg9iyeDxaAnPZfsjosgb6sZlSieLY1DZYQx"},"senderMessageKeys":[]}]