[{"senderKeyId":1414012177,"senderChainKey":{"iteration":8,"seed":"oH3TvHwPJwHQJWuMGZC6nFAfK6EAqqLmZenbMU1TFSE="},"senderSigningKey":{"public":"BUNJU5oXFyq1iouyrVby2i043MjRSij5yKPv7HaTNqg1"},"senderMessageKeys":[]},{"senderKeyId":1188287514,"senderChainKey":{"iteration":5,"seed":"PYWrHQj24vjZckIDu3uZXOIZPoQZkhTMCku5/cgGA6o="},"senderSigningKey":{"public":"BWA7cNHrj7UM5jYMSWAJDaE3M5eK1Vz+k5IBmqeU9c5s"},"senderMessageKeys":[{}]},{"senderKeyId":1188287514,"senderChainKey":{"iteration":1,"seed":"4i8OUMXWvc6NiGlc0RHRLlr7nsk3wuftNKQN1eIvrLo="},"senderSigningKey":{"public":"BWA7cNHrj7UM5jYMSWAJDaE3M5eK1Vz+k5IBmqeU9c5s"},"senderMessageKeys":[]},{"senderKeyId":1188287514,"senderChainKey":{"iteration":2,"seed":"iWODjEcs/sz8HKlCsKI1egKkEc9tf+7hxk8jgJPE5II="},"senderSigningKey":{"public":"BWA7cNHrj7UM5jYMSWAJDaE3M5eK1Vz+k5IBmqeU9c5s"},"senderMessageKeys":[]}]