[{"senderKeyId":98453227,"senderChainKey":{"iteration":0,"seed":"0DaIpzp/hjus3hUCfNNYRjUA71g//mokXQcw3bRSBEU="},"senderSigningKey":{"public":"BdgssFvsT6dF0gW6DyT4uSzg3BFCZTFPzk8vEUeDpL4Q"},"senderMessageKeys":[]},{"senderKeyId":927274317,"senderChainKey":{"iteration":1,"seed":"bZYM2J/RkpaoMHYIPr3XWY0KJ6AJtQ2U0qYHeFKfxoA="},"senderSigningKey":{"public":"BdaaS0zIVB17syyMp2ZJhEcikMRmyu1myJ55RwEgLI1S"},"senderMessageKeys":[]},{"senderKeyId":1717025811,"senderChainKey":{"iteration":1,"seed":"ClNq2FZQJTFfNP4CrO/+DH/DGVJ0UcFIC06WQaiigLg="},"senderSigningKey":{"public":"BVMLds1k4+gJ32cJVO/SX9gEqgqK63AVF9U7BbazrYBV"},"senderMessageKeys":[]}]