[{"senderKeyId":1090047383,"senderChainKey":{"iteration":1,"seed":"5HzH/vmYoNYwe8SMBvV3ey6QjYHxJH0kGPjp5ps16gE="},"senderSigningKey":{"public":"BYJCXwYOhddzFDlVsW09P08TWoFIEO8uaSl/QOilasMB"},"senderMessageKeys":[]},{"senderKeyId":240590679,"senderChainKey":{"iteration":0,"seed":"BXkPFgc6cU1nuMl7MDeqpYWdSpU/zcyuHd1xUxDXLHI="},"senderSigningKey":{"public":"BZL4fEp05I99qRO22tcJQr5etnH2nfGzcgNpIDHp91BR"},"senderMessageKeys":[]},{"senderKeyId":1937508484,"senderChainKey":{"iteration":1,"seed":"AuCe8yNgRLzjXaVSll2+ut2cNmk4NsX9yQA+bdibsFA="},"senderSigningKey":{"public":"BT6SBKcaaJUhD7Znfmd6gCjpRD85EdZhYVPpbpWm2+EU"},"senderMessageKeys":[]}]