[{"senderKeyId":332935944,"senderChainKey":{"iteration":0,"seed":"CWTfiKJeO/IGQWlBTeKQlaQ7Wf6Zs04e1QzXmCp6oO0="},"senderSigningKey":{"public":"Bby4FXpL9VTdkI8xLzLIOUdZRCdSsFm1WrdqW6IIHMhr"},"senderMessageKeys":[]},{"senderKeyId":1210917681,"senderChainKey":{"iteration":1,"seed":"A19Xtga2ncNRcWr6+tAmhsHRmaoX4w/AIqIMlvnSE/E="},"senderSigningKey":{"public":"BaxpH8Ph7p6P0EuAN2MyTqe8Cc4RxbdrV0NnJI8UW0VX"},"senderMessageKeys":[]},{"senderKeyId":1385842877,"senderChainKey":{"iteration":2,"seed":"bwJ8iD77U7sz8i4Jxh40ByH5DbSt95Sb3wcuEGusqgM="},"senderSigningKey":{"public":"BWT9lhbUSZXeV6Sefs0nIcmOgfYkTUpfVvd1mENaxtw8"},"senderMessageKeys":[]},{"senderKeyId":56180205,"senderChainKey":{"iteration":2,"seed":"1xW/IEd1UkXoavQ/n7zVgVic/6GAOh7JC2nLKOkdeXE="},"senderSigningKey":{"public":"BUG7JjjnSwsBCqN8bltmDyicqCR3iup9lBfFIRBAEDEU"},"senderMessageKeys":[]}]