[{"senderKeyId":1431341207,"senderChainKey":{"iteration":4,"seed":"rEx+RCBV9Tz8cAvEiRssmOi6mZEwtSwmtF+NIbTjP/c="},"senderSigningKey":{"public":"BY1T2nRXmoodQGbmJxOpxlyddN1i0slk6kStrYan+eFE"},"senderMessageKeys":[]},{"senderKeyId":315930034,"senderChainKey":{"iteration":6,"seed":"6M2jjEc2CXu52HKd7ZMDZFQeBxGEK4qejR3C73gdh/o="},"senderSigningKey":{"public":"Be4BOYzhEjQFz8IOXwt7vmSujCAMLLtWOAK0C3551vkb"},"senderMessageKeys":[]},{"senderKeyId":2106060476,"senderChainKey":{"iteration":14,"seed":"S8X6jTMG+WnoRlE8CHvjSL0vXk8BUry9VuEGhCxNl+k="},"senderSigningKey":{"public":"Be5pbUzhIKCOANHJ/dj2lHIa4Yfz1EyGSKDysbdW2Gt+"},"senderMessageKeys":[]},{"senderKeyId":919666358,"senderChainKey":{"iteration":1,"seed":"tC5lu8FLSsJw1JVG1OAhvUhAamROs8/BxRmu4/KPDTk="},"senderSigningKey":{"public":"BTVVwsvpMsZX7lt4oyuyrCfdiKNK7p0OK5YEe1o0Pvc3"},"senderMessageKeys":[]},{"senderKeyId":1801344625,"senderChainKey":{"iteration":1,"seed":"uCJMh7b0bfOHLChdBqO8lrJZoGpN6sSi50gy2VvhZ/0="},"senderSigningKey":{"public":"BaOi6qa9/Jzky3tgbTiS1BTlMV5aZr922yg16R2aox8k"},"senderMessageKeys":[]}]