[{"senderKeyId":1966721112,"senderChainKey":{"iteration":226,"seed":"ZXI/cD0BM/GYmo20V24xwO3/9TZ9ASTXMKbDS2ntLzs="},"senderSigningKey":{"public":"BfkIptljQ5DyFmqH6ggHt4BBHnIzOGdXyN7nZ0XiKSoc"},"senderMessageKeys":[{},{},{},{},{}]},{"senderKeyId":1966721112,"senderChainKey":{"iteration":113,"seed":"kC8IfGJn4WVakJn0FQRClwbpsIXb9jE3QaVUC6aNM3Q="},"senderSigningKey":{"public":"BfkIptljQ5DyFmqH6ggHt4BBHnIzOGdXyN7nZ0XiKSoc"},"senderMessageKeys":[]},{"senderKeyId":91238468,"senderChainKey":{"iteration":10,"seed":"XgKjG8FVZpDAicnJoT57ySZIvYhI8PgBFv43BVT3eHc="},"senderSigningKey":{"public":"Bbd1ebwRqrIdD4LAthXFzyvljV8kMYdU4QYVwSZvy00Y"},"senderMessageKeys":[]}]