[{"senderKeyId":396343245,"senderChainKey":{"iteration":2,"seed":"fVeutPSC4X9P2LlUFBRCFZzkM1VMaCvLosf2sYnuxHg="},"senderSigningKey":{"public":"BYpRtehVLjk0RXM4a0on5tZ2sDHFiUOJM5mBEddIdmgu"},"senderMessageKeys":[{}]},{"senderKeyId":396343245,"senderChainKey":{"iteration":1,"seed":"a9vzKpC/XDEkYoQ16Yu5Hpdw3joiE2YV3e1OTiB8YqM="},"senderSigningKey":{"public":"BYpRtehVLjk0RXM4a0on5tZ2sDHFiUOJM5mBEddIdmgu"},"senderMessageKeys":[]},{"senderKeyId":981834479,"senderChainKey":{"iteration":1,"seed":"j9KnscN4JhZN3I9hX+2b3PO8Dkb2AE4BZRSUlS9DUNo="},"senderSigningKey":{"public":"BYMRxIwyUbV+IDLxDitSX5W9UwFdbtJiM6BBwM+mxWZ1"},"senderMessageKeys":[]}]