[{"senderKeyId":358956594,"senderChainKey":{"iteration":11,"seed":"v566efhwDh59qGCwjXlv2RXXhUqMUo9VWzQU/9oteWg="},"senderSigningKey":{"public":"BZLTZ9CO/3jsvoDlEgfZ6SlYOVwrwilyeo83WJgNBiwx"},"senderMessageKeys":[]},{"senderKeyId":358956594,"senderChainKey":{"iteration":9,"seed":"tAEEDL32VuduXIWN2jEINcQCmCrgdz29DJSMSvcwHMw="},"senderSigningKey":{"public":"BZLTZ9CO/3jsvoDlEgfZ6SlYOVwrwilyeo83WJgNBiwx"},"senderMessageKeys":[]},{"senderKeyId":1369283952,"senderChainKey":{"iteration":1,"seed":"o166aCpmlHXvJG6EcJwIzTQqAasd4A0c2epPK1Nt3IY="},"senderSigningKey":{"public":"Bd4bjmosHeE9bWpMK5jyF+MPHyQP8XyUcsJQX9KktKEm"},"senderMessageKeys":[]}]