[{"senderKeyId":1698660769,"senderChainKey":{"iteration":0,"seed":"f9cOKH8No4V3sa8K2MLTMfdX5ybPMlHKqw82zDZFFo8="},"senderSigningKey":{"public":"Bardv8v+tiazLC9f8G9no7TDziNuhti1wsrbtQj+pGMq"},"senderMessageKeys":[]},{"senderKeyId":581533635,"senderChainKey":{"iteration":3,"seed":"FakcU8EJpKHFjq5iasipbzwoBwVbCfBXhijsun8iOgs="},"senderSigningKey":{"public":"BR5bp27p8wHze2/eYa5hNFjsJDH8BL9h6cbi6uX4530A"},"senderMessageKeys":[]},{"senderKeyId":721239353,"senderChainKey":{"iteration":10,"seed":"ADncSGuiPQhx25aBfTY2eQCF94GDGSR4LZEozJ9trfU="},"senderSigningKey":{"public":"Bb6d4Bot1LQ7Y+scMoZRverG6C4bFbWi1wQ8G6eraQE4"},"senderMessageKeys":[]}]