[{"senderKeyId":762509616,"senderChainKey":{"iteration":4,"seed":"AiSaHqnpE3FBWYYMzTIzmGeZZCJg66i4QPKnLou6Kw0="},"senderSigningKey":{"public":"BZ8HjSSevZ0yjgf9/kQtGUXGYxtPfNBRpW9QemVf7mAM"},"senderMessageKeys":[]},{"senderKeyId":166190935,"senderChainKey":{"iteration":1,"seed":"y8Xrv0IDTBBLkNx8NrZVosxLunHmcRgHVd8sqsOmqRQ="},"senderSigningKey":{"public":"BYvU1HtOb0zegFxoxosm4sihK4/Xq+LrW3J3yYUAw8wi"},"senderMessageKeys":[]},{"senderKeyId":491077223,"senderChainKey":{"iteration":1,"seed":"6EYsbbbVN9+jDVfhYTQgxuJPKdh60BaQRtdm7vTepAA="},"senderSigningKey":{"public":"BbBLBlzG6tcciCGGsGFyyujQh04AocCGco17MqUGVFAN"},"senderMessageKeys":[]}]