[{"senderKeyId":338788469,"senderChainKey":{"iteration":39,"seed":"Lw6GO6vMwQuw/cv+Wx/yJW9JPaWX5vCGUQXUOQL825s="},"senderSigningKey":{"public":"BaK/9zz+0bP1dZTz/JwNqAgwneGgUNJAOK/h5IIGXmhq"},"senderMessageKeys":[{},{},{},{}]},{"senderKeyId":338788469,"senderChainKey":{"iteration":38,"seed":"baoauCnKzVBUYt0+TaeSXiw3uBBfSJ5NrkyZ0Fiv1fg="},"senderSigningKey":{"public":"BaK/9zz+0bP1dZTz/JwNqAgwneGgUNJAOK/h5IIGXmhq"},"senderMessageKeys":[]},{"senderKeyId":387691,"senderChainKey":{"iteration":2,"seed":"yx4aUD64X5CJogyMpBhvzfXyzUWtIPhuYkQveFIXC14="},"senderSigningKey":{"public":"BYvJaebdIRY3J5DAVYNQT7irxjLYPlR72ncXJaB2xE4T"},"senderMessageKeys":[]}]