[{"senderKeyId":1788731851,"senderChainKey":{"iteration":0,"seed":"UHLWKidpYeI/nyjbEO74Igc4yNMXjUILz1Aynz9vzZc="},"senderSigningKey":{"public":"BUDLZ43qISlFpvZDRcKaMpzAgKxUIYHoIZBch2dhFGln"},"senderMessageKeys":[]},{"senderKeyId":1640884155,"senderChainKey":{"iteration":6,"seed":"fOrzFbKLtWf3sEr+0Eqk29ptcM0C7DXZll+EINKvSOA="},"senderSigningKey":{"public":"BR+RLISoanUYQ63nuNhnR2QXd6QLK1b3QN6bfNj+tQJL"},"senderMessageKeys":[]},{"senderKeyId":781250282,"senderChainKey":{"iteration":1,"seed":"sDoIhKuY6bgfRyDxKky6NaHAdcCJzj/xNoI/XVk8Tyo="},"senderSigningKey":{"public":"BQ9qG2zEXqQRebcuvFyMHu9kgzYJXenS+lGwGONgYH8a"},"senderMessageKeys":[]}]