[{"senderKeyId":1474680529,"senderChainKey":{"iteration":3,"seed":"k0EpR2/Yz8OFlDfG//fJZzBenxL8CPAOErcvNxIcuQI="},"senderSigningKey":{"public":"BcJ2jWikFJPfgjrjjRkCY1YP2r9vmXrKjTupLbe/l29h"},"senderMessageKeys":[]},{"senderKeyId":1474680529,"senderChainKey":{"iteration":2,"seed":"7GWV4ZqN2ZAvwPhodsBCp92F1hmKKmb40KsJeGE1IvE="},"senderSigningKey":{"public":"BcJ2jWikFJPfgjrjjRkCY1YP2r9vmXrKjTupLbe/l29h"},"senderMessageKeys":[]},{"senderKeyId":1474680529,"senderChainKey":{"iteration":3,"seed":"k0EpR2/Yz8OFlDfG//fJZzBenxL8CPAOErcvNxIcuQI="},"senderSigningKey":{"public":"BcJ2jWikFJPfgjrjjRkCY1YP2r9vmXrKjTupLbe/l29h"}}]