[{"senderKeyId":256688526,"senderChainKey":{"iteration":2,"seed":"UgJs/lRa3DYN7Dp3UmJea9IVW+gIIWxI1V/dfiXtI20="},"senderSigningKey":{"public":"Bb4poCa5AqWiGpsLjV3iIJUOGEnSgd7t4++nhEDPO4Rs"},"senderMessageKeys":[]},{"senderKeyId":1769549935,"senderChainKey":{"iteration":1,"seed":"v9XLeAZqG39wvsjZVnqZFHjSBsWvtGHoZBUXtN9e28w="},"senderSigningKey":{"public":"Ba/5ffMjo+gq03UrM0EymSX5RHDcfdL8XYc/25B0R4t3"},"senderMessageKeys":[]},{"senderKeyId":1236078272,"senderChainKey":{"iteration":2,"seed":"iY68ki54Trj2JhMsqETcOBjKEL9f/1y+3CsaYeljOfo="},"senderSigningKey":{"public":"BWV3eheQ17b1GnqH62E7qQOUwJJ5QJeCU94kU0TGVvwp"},"senderMessageKeys":[]},{"senderKeyId":581281701,"senderChainKey":{"iteration":1,"seed":"F3tZ6JAAfF1pjHF+IfL/FAyL3bnVgtHwPAOFt5GHs8k="},"senderSigningKey":{"public":"BTMhgUaD4pYLuzFIPRmXoqCOhE6fGIqaZDMoRrY7tQUg"},"senderMessageKeys":[]},{"senderKeyId":815850030,"senderChainKey":{"iteration":1,"seed":"VhV6mDb+y95IrZUGVuUC+Dlgi33pXhsm/wFciCE8N6Y="},"senderSigningKey":{"public":"BS82/Mf8XAsN6MffoeBJG5tCOY7eaNxtc7atOrkxOkl4"},"senderMessageKeys":[]}]