[{"senderKeyId":1084430811,"senderChainKey":{"iteration":2,"seed":"DnaiElg1ZzJxckPydRkcaHrTPx0hN/8GKjhj1WVm9gM="},"senderSigningKey":{"public":"BchHft1XLJ3wgeetE3FeMl9w16Pmb+hnoltrrNDuDBoN"},"senderMessageKeys":[]},{"senderKeyId":359975233,"senderChainKey":{"iteration":1,"seed":"Qh5Hd7fFlwki2HNatMKiTBEf9faVbv3eIWFlCM7V5+o="},"senderSigningKey":{"public":"BTrcZaNE1/I4BVoXbT2IJ0vRZ7zGECc1bN9w6jojptZy"},"senderMessageKeys":[]},{"senderKeyId":747140345,"senderChainKey":{"iteration":1,"seed":"xqo9FGUmtRBhew6rrtO3qMRoSTDxIzTGnq4D7+Jzx3E="},"senderSigningKey":{"public":"BYEYSfgveRU5/wiocLLVmRZuQa78G6mbexkr5OyEFgZn"},"senderMessageKeys":[]}]