[{"senderKeyId":389821435,"senderChainKey":{"iteration":7,"seed":"CvwpiILVOJE0CYwVgXtTA/T7KkWKqLj6g1n8ZehC+Lg="},"senderSigningKey":{"public":"BTg+onS8cjhCYlH3aDoOapzMPBD1iLwyk6oP0RwUufp2"},"senderMessageKeys":[]},{"senderKeyId":389821435,"senderChainKey":{"iteration":4,"seed":"aiDIWPI6TSSKcDw2bRZJ0C4LhLSCmyEaawY+B/JqEAs="},"senderSigningKey":{"public":"BTg+onS8cjhCYlH3aDoOapzMPBD1iLwyk6oP0RwUufp2"},"senderMessageKeys":[]},{"senderKeyId":1004256962,"senderChainKey":{"iteration":14,"seed":"4MCStxizjlfLdHsBnWoqtm480+tgJMRgMXR36gTnFls="},"senderSigningKey":{"public":"Bdpcr647HsrO54B+TqhRtWuPiIgfkFRKQhrRV+Tn13Fh"},"senderMessageKeys":[]}]