[{"senderKeyId":195795477,"senderChainKey":{"iteration":0,"seed":"Fd+C9CBd0wumMJ1oKrDFuhDaWQV6gsALtqXh1t+bVzI="},"senderSigningKey":{"public":"BW8cZ//PaDishD3YcWY3ybuj7YhrOjEFgsFLUE4R9Rl4"},"senderMessageKeys":[]},{"senderKeyId":1608050307,"senderChainKey":{"iteration":1,"seed":"j4+jYIsdWBxWL6HmF7+8rkNu61Ved/DA3S77obPiyrU="},"senderSigningKey":{"public":"BeCiJgJ4ZLVlYeIuG3lyQEvAjuty7MNE7Pv7Oy8zySoy"},"senderMessageKeys":[]},{"senderKeyId":1239609641,"senderChainKey":{"iteration":1,"seed":"mnG3H0sV9GaUe0mshExUXdieGrqQQO2sBUxNA+tZh0U="},"senderSigningKey":{"public":"BYgoCREC0n0qIDd3EglxibOf5cjqSeutRklnhFgwBvBi"},"senderMessageKeys":[]}]