[{"senderKeyId":747945478,"senderChainKey":{"iteration":0,"seed":"1ev4+sOTk98NA1awDgWsBcbKkwml8UOCWSbVKO1DVV0="},"senderSigningKey":{"public":"BY2dL9n9xL0t7EClm/MZNT6KsZ3UbaCMPFgAOGPMwWhE"},"senderMessageKeys":[]},{"senderKeyId":436698014,"senderChainKey":{"iteration":1,"seed":"+uK5Q64+w3JhB5ccqKLdeSZictHaKmUpdHYXWvsDzBc="},"senderSigningKey":{"public":"BcU31YOPxy5E/QVTRFOXLqkPtTISzwRFKwWes1e6qHEw"},"senderMessageKeys":[]},{"senderKeyId":537127438,"senderChainKey":{"iteration":1,"seed":"MshShz/rGFKiGNQ/IlDA9UTIb8FCGmjCWOXJXnxRsXo="},"senderSigningKey":{"public":"BXifrRcawhD8SviuJ74Eoe6DRv+8rpjifxiNQva1Ocdy"},"senderMessageKeys":[]},{"senderKeyId":169936630,"senderChainKey":{"iteration":1,"seed":"zvIClbiISbW9HuPTLYJN+HKPGC38LP1rnogRMPZ6tGM="},"senderSigningKey":{"public":"BW/riO6pixiUQy+HB13ZeKUUX38w49+9xOPkQ1kQU94Y"},"senderMessageKeys":[]},{"senderKeyId":991798190,"senderChainKey":{"iteration":1,"seed":"6GYOOAUVhIFQzkHkMyMDRawVkQiuQnD5DvHlbg+pNY4="},"senderSigningKey":{"public":"BXXHuv/gkchSErhqs16yZaTv88m/j6dQR6AWq5IzRSBF"},"senderMessageKeys":[]}]