[{"senderKeyId":1195527995,"senderChainKey":{"iteration":1,"seed":"vnn6V+oQ/Qo5AkTk/FORO4sKujLDiVEJjv+yYsfYRas="},"senderSigningKey":{"public":"BbABuD0oGRX4F0ifhKMG6pveiErkC6No4PX9JK0E1ZZm"},"senderMessageKeys":[]},{"senderKeyId":1716383625,"senderChainKey":{"iteration":1,"seed":"L+cSyfkLEly9MzglWq+ORD39nkwlrrXFGfH0P0Zspps="},"senderSigningKey":{"public":"BcEP771bozWi1Ag0DeT1bskMnMfjyBIBEbPwQl0Zv7Fr"},"senderMessageKeys":[]},{"senderKeyId":224466458,"senderChainKey":{"iteration":2,"seed":"XvloGfJ+76l6OhKGLqJHXNgzPZZ+DkjVrjQ+QH8icp0="},"senderSigningKey":{"public":"BSV8pz3jMwud2Q1VtoJ7TcsRYraKPHwCtXWzycIvWdls"},"senderMessageKeys":[]},{"senderKeyId":1502312749,"senderChainKey":{"iteration":1,"seed":"TQuDyDs+mnbzEuQzc1BwLxCccY6Uo+LA6zY4o0rBqT4="},"senderSigningKey":{"public":"BdXOCPnIu4Z43FBGxg2SrCRuvK4Bq8tTOYYPv9+IhWlY"},"senderMessageKeys":[]},{"senderKeyId":144890153,"senderChainKey":{"iteration":1,"seed":"91+Im2/oxQg7xJiMwjYpl7s9iX4ygs3dNT3H+YvFqzQ="},"senderSigningKey":{"public":"BfYmntADrJnL95PQNVJT1rV45OhQnfQ1HejkPftrm0QS"},"senderMessageKeys":[]}]