[{"senderKeyId":92501021,"senderChainKey":{"iteration":0,"seed":"tBPkLygIQAO8bMYPi96TrhXkJ1TxrRo24OBs5rJ3yMQ="},"senderSigningKey":{"public":"BQ7GgMXPp84MnjW81wQbZ6a0rBaQMFVM0udAv87U174J"},"senderMessageKeys":[]},{"senderKeyId":415561026,"senderChainKey":{"iteration":4,"seed":"OAW7Vv9xHptCKP7hSDW9z1c95Xu6bR7p9GimMxnaeo0="},"senderSigningKey":{"public":"BeoAhViwt0OPEmC7aziTfMapjCs0Kkxa2kMMbgIt+rRi"},"senderMessageKeys":[]},{"senderKeyId":415561026,"senderChainKey":{"iteration":2,"seed":"xRJEzbXtDDdr3ZZG2TacpXtfmEabkzalPoD3ULZy36Q="},"senderSigningKey":{"public":"BeoAhViwt0OPEmC7aziTfMapjCs0Kkxa2kMMbgIt+rRi"},"senderMessageKeys":[]}]