[{"senderKeyId":1116837304,"senderChainKey":{"iteration":0,"seed":"MN1OwJalkno8X9JAfn9rYFnMl0C66I3Th54QY/8kraQ="},"senderSigningKey":{"public":"BSw5FtkDgH1jxXcwjCwadI8JY4GvOskefMonuKhTTp45"},"senderMessageKeys":[]},{"senderKeyId":1443926417,"senderChainKey":{"iteration":5,"seed":"SWSYPqBS1rIuws1sBRxxwuve0IKRMcrUyRK67+eR5hM="},"senderSigningKey":{"public":"Bb7Vu39r8MdOcuEIfJmqoyfcUfx5N3mKE8nWG4FrKIhi"},"senderMessageKeys":[]},{"senderKeyId":1205051187,"senderChainKey":{"iteration":1,"seed":"zasjuKncWyfEAHL8dX1EqZWBdYYWMzJmIl+abjybTlE="},"senderSigningKey":{"public":"Bb9k+NJt6AFO9FOFsDm4APEasMytm4jrPTriKWpXXQ1y"},"senderMessageKeys":[]}]