[{"senderKeyId":2023454225,"senderChainKey":{"iteration":6,"seed":"QmdiomA6JAs9Dja3f5bzCm8g8GvIPwrdWhezEOr3Iiw="},"senderSigningKey":{"public":"BQfpXSPPN0hZceEnE9nHkiDvEVtrPvoA/4mbTgMBNcxP"},"senderMessageKeys":[]},{"senderKeyId":1842234560,"senderChainKey":{"iteration":3,"seed":"tCEy1ZhayW8msmQZSBsyIzbBqhMbvipypvdWG8cPiYI="},"senderSigningKey":{"public":"BbeArhG66woBB/XpQJLYp42idVfDE2UarcXluETYNWIg"},"senderMessageKeys":[]},{"senderKeyId":1842234560,"senderChainKey":{"iteration":2,"seed":"8gEq5iiKfs7Nmd1EMpiqbgeHrfCO0jWg11lbBEsTO8A="},"senderSigningKey":{"public":"BbeArhG66woBB/XpQJLYp42idVfDE2UarcXluETYNWIg"},"senderMessageKeys":[]}]