[{"senderKeyId":222556271,"senderChainKey":{"iteration":0,"seed":"X5vFy7xp6Q1ekdJDkikJdf83uXAsyFNTT1xp9Ha/QXo="},"senderSigningKey":{"public":"BQj1odzOvlqIhis73p9yzZPySFcp7fwUkJ2nykmVjKF1"},"senderMessageKeys":[]},{"senderKeyId":1255090145,"senderChainKey":{"iteration":1,"seed":"jlgv5e/1HScpv2Pz1tHyDqzfWmyxzll6qV/KjVbempU="},"senderSigningKey":{"public":"BZ5gkzKFyAOihcsOXdWvH+JlJz/tR+P1+uuELK0Bf7MJ"},"senderMessageKeys":[]},{"senderKeyId":854695246,"senderChainKey":{"iteration":1,"seed":"frEPnaAj82RpGGKhn96q+vA0Tx/B/0gFXUr/VOVTC/E="},"senderSigningKey":{"public":"BZVnvGGlC6R72hitnqSPu+tbd+KvFaPEbTO82g/BGrBb"},"senderMessageKeys":[]},{"senderKeyId":1304212062,"senderChainKey":{"iteration":1,"seed":"2oWDH6jSG68XXMnK99tcekkclYwoIdHiAEHJ4pLIvdA="},"senderSigningKey":{"public":"Bb31sXjvoI6QDnXJMNnqpsyZU/I6oyJaIrGt6ze2a1N3"},"senderMessageKeys":[]}]