[{"senderKeyId":1222207621,"senderChainKey":{"iteration":2,"seed":"tuGJ3ZtmEJcvoDFG1iLbC7+afWWXCnj/FUSOlYxiB6s="},"senderSigningKey":{"public":"BTxAfS6BiFYFaiH9o19pPx/jE+UxY5mvQGHn4/B10kAR"},"senderMessageKeys":[]},{"senderKeyId":1690565660,"senderChainKey":{"iteration":1,"seed":"mwPESXF7v9/ZZKVaA9YbE4PCsXQ2KDDTdj3/8GghuIA="},"senderSigningKey":{"public":"BRn4VLH3Nqq+YIyMzOJoumOLb8W6NzIx3oA0UQ9niBM4"},"senderMessageKeys":[]},{"senderKeyId":1683029753,"senderChainKey":{"iteration":1,"seed":"4I0gZhRLj0gfoHW/cqTfeYz/xwOFhxg+PAXVL7BmxWo="},"senderSigningKey":{"public":"BTgU13cXoHp1DweU5bgK2m+c4rr5QE4/dEdlAsEQ9ft6"},"senderMessageKeys":[]}]