[{"senderKeyId":1645724465,"senderChainKey":{"iteration":5,"seed":"8qppk7EhRBF5O1yN/nm7bjwmYVAF3oD5p0ykdl4Cs8w="},"senderSigningKey":{"public":"BaXkmHA6r2KhUYI18NoVmvH/CRQs9mF7DJDdu9u2FFEF"},"senderMessageKeys":[]},{"senderKeyId":1743955186,"senderChainKey":{"iteration":3,"seed":"ug4gR08mDIYaNUlBu5KaCjLaj5WjwolP7/QxvjtMafo="},"senderSigningKey":{"public":"BXFt3P8cpf3ghwGfXwVWvTkrco7R4Cv5NuFsQImpuGos"},"senderMessageKeys":[]},{"senderKeyId":1743955186,"senderChainKey":{"iteration":1,"seed":"cj4gGNz69DW3E7WEdmSwO2b/ejs+8otwiHSPpRPJNP4="},"senderSigningKey":{"public":"BXFt3P8cpf3ghwGfXwVWvTkrco7R4Cv5NuFsQImpuGos"},"senderMessageKeys":[]}]