[{"senderKeyId":1492342746,"senderChainKey":{"iteration":4,"seed":"WrVbZBCeq9325/LUV87B/Go2/NKwDTpJndDojb7GwAQ="},"senderSigningKey":{"public":"BdZjzNvqDgXtjLeh7/BoTiQLZ2YtKC0zQWz7hYH7cTFp"},"senderMessageKeys":[{}]},{"senderKeyId":1492342746,"senderChainKey":{"iteration":2,"seed":"p8tw872VjRwQhP5+SbrRECnvBLREt7yxJc3LWdDK7ws="},"senderSigningKey":{"public":"BdZjzNvqDgXtjLeh7/BoTiQLZ2YtKC0zQWz7hYH7cTFp"},"senderMessageKeys":[]},{"senderKeyId":1492342746,"senderChainKey":{"iteration":3,"seed":"Z1mBIKsBtVmaAGBGsXkiEZIi1RyXvMeYLEoumAeBkRE="},"senderSigningKey":{"public":"BdZjzNvqDgXtjLeh7/BoTiQLZ2YtKC0zQWz7hYH7cTFp"},"senderMessageKeys":[]}]