[{"senderKeyId":1065896700,"senderChainKey":{"iteration":0,"seed":"OsL7PpjaMBMIsBDTlkmgwGoWSFuAgX6TOxt31snB704="},"senderSigningKey":{"public":"Be+hVX9chzu0xHkHKH+rQB0EE+wryABZ1knrd35d5xw8"},"senderMessageKeys":[]},{"senderKeyId":1330739779,"senderChainKey":{"iteration":12,"seed":"Xd/by47w5pQgjJJX8WtFiE5Sqc3A7qMHV4eE1U/qVqk="},"senderSigningKey":{"public":"Be0QxW5zuKnoh8100JGBFuqOr9RXVtFjA7Ei2EAmCMZq"},"senderMessageKeys":[]},{"senderKeyId":1330739779,"senderChainKey":{"iteration":1,"seed":"jDgB3JvJog+mn8EERqrULIXr025rOdDGWa2j9sWtLwg="},"senderSigningKey":{"public":"Be0QxW5zuKnoh8100JGBFuqOr9RXVtFjA7Ei2EAmCMZq"},"senderMessageKeys":[]},{"senderKeyId":1063552345,"senderChainKey":{"iteration":1,"seed":"g9xtJw+0ikI9BqLYirnx1bv43j13QrYwp+bwYIYKYSw="},"senderSigningKey":{"public":"BYvp0uVF9vCftjKKl+4QoWV6ris7eKMsXB7I4uMbdwpk"},"senderMessageKeys":[]}]