[{"senderKeyId":688908785,"senderChainKey":{"iteration":0,"seed":"GkgdWJxphxuOJ+MpGHL/DTKgpnF9i0rWKpCdtLtZePw="},"senderSigningKey":{"public":"BdmGD2GdD6Lt9E3fM6Zsc2+JDTkJJDCd7kkJRoPaQ0xj"},"senderMessageKeys":[]},{"senderKeyId":34679397,"senderChainKey":{"iteration":5,"seed":"xWyTHroX6Nc5ulr40mLa4nMaqJaQKUMx8FsBngad3OE="},"senderSigningKey":{"public":"Bb4C4KRUBuOB7LwGY5+0UnxREgrUAZNtGEwj/FxS9/Fk"},"senderMessageKeys":[]},{"senderKeyId":136488085,"senderChainKey":{"iteration":2,"seed":"aNjTKGI6Ktud3IHUZr9piEVl3Y4jC4EUsM1FNcToHm0="},"senderSigningKey":{"public":"BSZGZMg2+4fw+mOus/P8FjlSn6oQJvYfNwDI3k17WQN5"},"senderMessageKeys":[]},{"senderKeyId":1843237857,"senderChainKey":{"iteration":7,"seed":"CXV3rQ2lLC1PzvEnl+JDASUhyc3Uvnj/WH+AmAbovGs="},"senderSigningKey":{"public":"BdvBwj9KKNed2eoaReaUIhaBDxfkjCRmRW3bdBYPPP4u"},"senderMessageKeys":[]},{"senderKeyId":1843237857,"senderChainKey":{"iteration":5,"seed":"UWHwmwEd1Bkla4STXKnJ6RBQ5Im+kUzM1M8iS4GeWk8="},"senderSigningKey":{"public":"BdvBwj9KKNed2eoaReaUIhaBDxfkjCRmRW3bdBYPPP4u"},"senderMessageKeys":[]}]