[{"senderKeyId":238450589,"senderChainKey":{"iteration":6,"seed":"9sT4oeo5eme5bE1zLEI78GOMynpwukm3hHP64ruXwlM="},"senderSigningKey":{"public":"BWKsmhxVY6j9mPwTKHMla2p+0j9rVMJ7wzv/9Jy1ZlEK"},"senderMessageKeys":[]},{"senderKeyId":238450589,"senderChainKey":{"iteration":3,"seed":"rBD/6dXrN+wuhC3QLTwsx5fBERFxSHAQvLjVx0SnyGE="},"senderSigningKey":{"public":"BWKsmhxVY6j9mPwTKHMla2p+0j9rVMJ7wzv/9Jy1ZlEK"},"senderMessageKeys":[]},{"senderKeyId":214746609,"senderChainKey":{"iteration":2,"seed":"6oYNsM1xy8hsEbev90XS9BLbiP8BuyFG40diefVdIKU="},"senderSigningKey":{"public":"BZxdEZ8hAM+Xd5e7oUJamDp+Ckjlp/1sy0+p7dvagZVz"},"senderMessageKeys":[]},{"senderKeyId":131621114,"senderChainKey":{"iteration":1,"seed":"8RrZOXKAyhTP77SIiXnrLucXkcJGtwxUM3VKsIVJFPE="},"senderSigningKey":{"public":"BaDCvq88Lc+bJxwB9DqqGxEG0OsLgeP/Xaq3Xi6Hk05L"},"senderMessageKeys":[]}]