[{"senderKeyId":204625141,"senderChainKey":{"iteration":36,"seed":"K9Ogf+ofS4Akl5G4+jl+6NwR58b1cmnW0nUpDxvOJLs="},"senderSigningKey":{"public":"BZcdPsV+g+QcDJTvi/N9R/0uPF6ecWaCkVQWqjXI5GwL"},"senderMessageKeys":[{},{}]},{"senderKeyId":204625141,"senderChainKey":{"iteration":7,"seed":"HQUHLws5tf6109gywbJhM5AmkjuWPdxoVw/0nmFsBl8="},"senderSigningKey":{"public":"BZcdPsV+g+QcDJTvi/N9R/0uPF6ecWaCkVQWqjXI5GwL"},"senderMessageKeys":[]},{"senderKeyId":204625141,"senderChainKey":{"iteration":17,"seed":"Tj/6ic9ZT/njXVnq/89wbDc36QVrZyLT44z14mQ83eU="},"senderSigningKey":{"public":"BZcdPsV+g+QcDJTvi/N9R/0uPF6ecWaCkVQWqjXI5GwL"},"senderMessageKeys":[]},{"senderKeyId":204625141,"senderChainKey":{"iteration":20,"seed":"1/FtmGFUU8Wg4YCT+jwqOjWsI9v+oo8yZNPNePxHwtQ="},"senderSigningKey":{"public":"BZcdPsV+g+QcDJTvi/N9R/0uPF6ecWaCkVQWqjXI5GwL"},"senderMessageKeys":[]}]