[{"senderKeyId":1656868937,"senderChainKey":{"iteration":10,"seed":"2hH7Y9ErpfsmyqgLLovJ8l8mIFBa5B0YZwZYtM988RQ="},"senderSigningKey":{"public":"BRdPUe2o7fsXJ85C+xMYSQ33OAsJRKOcQpb+cjCzkTc4"},"senderMessageKeys":[]},{"senderKeyId":1656868937,"senderChainKey":{"iteration":2,"seed":"ARmlyU2Nc7th4oJxNqqy/tO8NOD9MoRJItR7MuuFIhQ="},"senderSigningKey":{"public":"BRdPUe2o7fsXJ85C+xMYSQ33OAsJRKOcQpb+cjCzkTc4"},"senderMessageKeys":[]},{"senderKeyId":1656868937,"senderChainKey":{"iteration":7,"seed":"iCFxD2+pZamTi6OcgclWCeWabRdeSB1qRIw/9/YsKAU="},"senderSigningKey":{"public":"BRdPUe2o7fsXJ85C+xMYSQ33OAsJRKOcQpb+cjCzkTc4"},"senderMessageKeys":[]},{"senderKeyId":1656868937,"senderChainKey":{"iteration":9,"seed":"pnYCNeMWqbjq/J4t/iP6aUOr8aeyckHe1CXk/C3jW2E="},"senderSigningKey":{"public":"BRdPUe2o7fsXJ85C+xMYSQ33OAsJRKOcQpb+cjCzkTc4"},"senderMessageKeys":[]},{"senderKeyId":1110707579,"senderChainKey":{"iteration":1,"seed":"7lyhtprA5mO18/JxI8cq99ZKJM9/Jc79tAlFiZWyG90="},"senderSigningKey":{"public":"BWIcSqsje+xKzhgp6Kts5HS+EfLIaPMpaMYl1Zp1wKoR"},"senderMessageKeys":[]}]