[{"senderKeyId":768356162,"senderChainKey":{"iteration":0,"seed":"V503Ow2MaTzmd6DtEZydOjde4GqoePmFA13sQqte/GU="},"senderSigningKey":{"public":"BaZqiwiwEHuMw7YND4mJ5mCxtIMx4iNVmTMdu9u6lZZs"},"senderMessageKeys":[]},{"senderKeyId":525497690,"senderChainKey":{"iteration":1,"seed":"la6NCz1LDhwvfGGY8qxAQBV2lyktV0FhtSqlVAISH3M="},"senderSigningKey":{"public":"BaSGBN88RoLkNnY5vcePzj+BEbJMkVnz+QSeFvdCaM47"},"senderMessageKeys":[]},{"senderKeyId":1691626480,"senderChainKey":{"iteration":3,"seed":"rt75YdZ5+qI2rG1vOgfG704Xa5DVeN49ufxFSpzus8I="},"senderSigningKey":{"public":"BYppNQtTFh8GXLPzyWcbo8yg77ARoeCNVcqTdA+gbOJl"},"senderMessageKeys":[]}]