[{"senderKeyId":2065051229,"senderChainKey":{"iteration":0,"seed":"RZJqkb/ZF68Jibs14LvYSHqfNuLPGOgNizdR9URgpwY="},"senderSigningKey":{"public":"BfUxm76DSHbvUYJGhklBey3qBi7YI2FFqI/4SZBbQUB9"},"senderMessageKeys":[]},{"senderKeyId":1017831883,"senderChainKey":{"iteration":3,"seed":"BrTLcq9/lZ4ITZK1+NE/jnh7dpk+NRLQpPkA0Frq89g="},"senderSigningKey":{"public":"BalXKmaS0E1QRPs2/pcuhrFCOzow7f+0HqySIqqeDxcD"},"senderMessageKeys":[]},{"senderKeyId":338538928,"senderChainKey":{"iteration":1,"seed":"pEC8OYH7g2e4Gr5mUXqC/M+cIVGrFHTuV4EgTP4QwzM="},"senderSigningKey":{"public":"BcdK5kbjuNDQ+1DtF5ONTS4sC7Itu1EqGGm+9WRsHZ9L"},"senderMessageKeys":[]}]