[{"senderKeyId":1573633340,"senderChainKey":{"iteration":5,"seed":"Dr5WvuUAdGP3sG6itztiMYUpifqbJvcdY6IyDSauhFs="},"senderSigningKey":{"public":"BSmhyEf8RjCJixoU1fs3adBnqizV/wsty3hYI4QB4W8r"},"senderMessageKeys":[]},{"senderKeyId":899482976,"senderChainKey":{"iteration":10,"seed":"ZbUL6bQ66ZxY/B026t9r5vBuSRIcoPcXRP0l3bUQp+8="},"senderSigningKey":{"public":"BakELQ3qc6YsAV3BXPngklUtkYHRWIuJ4T5/pykt3K5L"},"senderMessageKeys":[{}]},{"senderKeyId":621172864,"senderChainKey":{"iteration":2,"seed":"3Y+V6fIlTJN40FG158A0BxR2YX597pYVjTpveP6QDco="},"senderSigningKey":{"public":"BZs56Sd12iKZq0UPwxDtVF5C09i1un5P0qMIiIaWG0Yr"},"senderMessageKeys":[]}]