[{"senderKeyId":474458671,"senderChainKey":{"iteration":10,"seed":"i98PQSWKcZkaoR76axvEcqDzCrBrmzpS+Ea70pL8lA8="},"senderSigningKey":{"public":"BWllLaCNtduHVZVT3KGXldpRQ71O4IjIdbeUoZfeNSFo"},"senderMessageKeys":[]},{"senderKeyId":474458671,"senderChainKey":{"iteration":10,"seed":"i98PQSWKcZkaoR76axvEcqDzCrBrmzpS+Ea70pL8lA8="},"senderSigningKey":{"public":"BWllLaCNtduHVZVT3KGXldpRQ71O4IjIdbeUoZfeNSFo"},"senderMessageKeys":[]},{"senderKeyId":474458671,"senderChainKey":{"iteration":10,"seed":"i98PQSWKcZkaoR76axvEcqDzCrBrmzpS+Ea70pL8lA8="},"senderSigningKey":{"public":"BWllLaCNtduHVZVT3KGXldpRQ71O4IjIdbeUoZfeNSFo"},"senderMessageKeys":[]},{"senderKeyId":474458671,"senderChainKey":{"iteration":10,"seed":"i98PQSWKcZkaoR76axvEcqDzCrBrmzpS+Ea70pL8lA8="},"senderSigningKey":{"public":"BWllLaCNtduHVZVT3KGXldpRQ71O4IjIdbeUoZfeNSFo"},"senderMessageKeys":[]},{"senderKeyId":474458671,"senderChainKey":{"iteration":10,"seed":"i98PQSWKcZkaoR76axvEcqDzCrBrmzpS+Ea70pL8lA8="},"senderSigningKey":{"public":"BWllLaCNtduHVZVT3KGXldpRQ71O4IjIdbeUoZfeNSFo"}}]