[{"senderKeyId":1118261298,"senderChainKey":{"iteration":2,"seed":"tSEfIc5cbYc6/qA8+1XE0C5YjMoWtP6i9XRnrNpWJJM="},"senderSigningKey":{"public":"BaTpUsYIYsg5/etBrd9342GsD9FxCDM0Ol6VzUCALUlD"},"senderMessageKeys":[]},{"senderKeyId":991308536,"senderChainKey":{"iteration":0,"seed":"/jRqcMOdnugFOa95RvP2tRsfXriBXe9mUKO2BwHVx7E="},"senderSigningKey":{"public":"Bdt7YdJgTSAEVJA6tMuS/c1MIyFGZkEhedbboVgv+1tv"},"senderMessageKeys":[]},{"senderKeyId":861236541,"senderChainKey":{"iteration":1,"seed":"J/HNHAnR31rNhv69RvupZlzwvSyLXBreHNi4w+VspDU="},"senderSigningKey":{"public":"BRdwsH1U4iGNR4zfkqdqn4QpW2hxcaoxZBDchFNzuYs3"},"senderMessageKeys":[]}]