[{"senderKeyId":877136186,"senderChainKey":{"iteration":19,"seed":"T9BYwLrxK6WCWGnILXvGeKlEsDwsmFrrnKzW3zLVxNs="},"senderSigningKey":{"public":"BUeDZzdLIxSs2CtE2wU+XUaKa99c7mw2kYAIu848fU8P"},"senderMessageKeys":[]},{"senderKeyId":877136186,"senderChainKey":{"iteration":20,"seed":"P2OQJc2zWuUBctdb+L2hfyJ2lwAA3G2egRtYCJh5IqM="},"senderSigningKey":{"public":"BUeDZzdLIxSs2CtE2wU+XUaKa99c7mw2kYAIu848fU8P"},"senderMessageKeys":[]},{"senderKeyId":877136186,"senderChainKey":{"iteration":20,"seed":"P2OQJc2zWuUBctdb+L2hfyJ2lwAA3G2egRtYCJh5IqM="},"senderSigningKey":{"public":"BUeDZzdLIxSs2CtE2wU+XUaKa99c7mw2kYAIu848fU8P"},"senderMessageKeys":[]},{"senderKeyId":877136186,"senderChainKey":{"iteration":20,"seed":"P2OQJc2zWuUBctdb+L2hfyJ2lwAA3G2egRtYCJh5IqM="},"senderSigningKey":{"public":"BUeDZzdLIxSs2CtE2wU+XUaKa99c7mw2kYAIu848fU8P"}}]