[{"senderKeyId":489145695,"senderChainKey":{"iteration":12,"seed":"UXnA/t2b4Dtj64CwVu0DR66PCH2m/MZUaR9bZVg4jOo="},"senderSigningKey":{"public":"BZJ8WAUELi4PDwl3EMsR3l21Y3F9AAnn2Q+Kx7MmyzIw"},"senderMessageKeys":[]},{"senderKeyId":811914269,"senderChainKey":{"iteration":7,"seed":"6JekDAhlmXT5Techli/WrwDtZHx+GEmXeRe2bjhAcmM="},"senderSigningKey":{"public":"BRcygXhNyxKpZhO3Us3Gqo1jWColxNaEglnUkkQLFcUq"},"senderMessageKeys":[]},{"senderKeyId":811914269,"senderChainKey":{"iteration":3,"seed":"zdOH9+Nt9hGmQfQ0GgjcTiiTvuvYWU0+JAIQjjtg3B0="},"senderSigningKey":{"public":"BRcygXhNyxKpZhO3Us3Gqo1jWColxNaEglnUkkQLFcUq"},"senderMessageKeys":[]},{"senderKeyId":365523810,"senderChainKey":{"iteration":6,"seed":"5MposRDI89YMAsQBJcZ9R7vFWnJGs1e9klYIaP6lZJ0="},"senderSigningKey":{"public":"BTOGvaG4hSN/I8oSF0W4r7Zx3/7uSok/x0jd2QKHDmhN"},"senderMessageKeys":[]},{"senderKeyId":365523810,"senderChainKey":{"iteration":2,"seed":"6mZsMfTvlVSi9IaifduNAcCPIBRWanuAB9TULmgoGAU="},"senderSigningKey":{"public":"BTOGvaG4hSN/I8oSF0W4r7Zx3/7uSok/x0jd2QKHDmhN"},"senderMessageKeys":[]}]