[{"senderKeyId":991024931,"senderChainKey":{"iteration":2,"seed":"hgFNU9TmQiV9rfRErL4XYGvfU2AH35pE9+y4Xt0/GDg="},"senderSigningKey":{"public":"BYPr+YMEPKv9L3iyMzwkaoxpbp+enB1I60zGfYBD7c0E"},"senderMessageKeys":[]},{"senderKeyId":175742915,"senderChainKey":{"iteration":1,"seed":"1BNW/PW+tI3Jrv8m927/DjG3LF0SdstwODChafPdgIk="},"senderSigningKey":{"public":"BXwpsa5N/9K0yWXw4S66NBQ5JfpT13nWKVnegDegsIkI"},"senderMessageKeys":[]},{"senderKeyId":1476311766,"senderChainKey":{"iteration":1,"seed":"4jzy00lVRxEvXMHK0jaxCHVLpJpA5HOwG9cyf905sAU="},"senderSigningKey":{"public":"BbnVcrQRxDbu0kROBFKpiz39Nqj+cyBHU8eO3Ajwhzoz"},"senderMessageKeys":[]},{"senderKeyId":1578519235,"senderChainKey":{"iteration":1,"seed":"Qqrrkid8mko15OBhgxGatQuS4Z8GN3MoWuBqAgHh47w="},"senderSigningKey":{"public":"BdMC/nGI8umFli5Gt7KMYErEPsdb2jy4IlomyxY2YecC"},"senderMessageKeys":[]}]