[{"senderKeyId":276277911,"senderChainKey":{"iteration":0,"seed":"hft4UP4iv0p7bYRbViTIcZQ0vp+bh7izK5/oJJ7l0k0="},"senderSigningKey":{"public":"BSQuPqT64vak/heQvpnfrg52gJt9aGWkDjQEQOoHMxoe"},"senderMessageKeys":[]},{"senderKeyId":1588224329,"senderChainKey":{"iteration":3,"seed":"8aWGDqEfW5ZdGQXJ//q4gnvffIOGXjGPc21WKiKV+fs="},"senderSigningKey":{"public":"BcOY0ASF8E9s4j/XkupdQyxNFkBeq+upHVc1VUTScX0a"},"senderMessageKeys":[]},{"senderKeyId":1588224329,"senderChainKey":{"iteration":1,"seed":"k6eZJ3bKxAUe1urWZK+fJCL28mVfLCsTIW5GUKBEdXc="},"senderSigningKey":{"public":"BcOY0ASF8E9s4j/XkupdQyxNFkBeq+upHVc1VUTScX0a"},"senderMessageKeys":[]},{"senderKeyId":1588224329,"senderChainKey":{"iteration":2,"seed":"kPPdAdcgC2krLKubf+lsksm/8Bn0gA4Gs+8cW5J3m0Q="},"senderSigningKey":{"public":"BcOY0ASF8E9s4j/XkupdQyxNFkBeq+upHVc1VUTScX0a"},"senderMessageKeys":[]}]