[{"senderKeyId":817994179,"senderChainKey":{"iteration":2,"seed":"aIMb1YwLAlauKmcm39Jkpdl8TgZRPnGb2mEu5JMtbkM="},"senderSigningKey":{"public":"BfRNteKaqpumOOPqvRQ3qn+sdBo2uq2W14tdikVkBiAW"},"senderMessageKeys":[]},{"senderKeyId":817994179,"senderChainKey":{"iteration":1,"seed":"nx6Iaqo0AbWgdfXT5Sh65ujyjQ/auMGxOa1XfZWRiFk="},"senderSigningKey":{"public":"BfRNteKaqpumOOPqvRQ3qn+sdBo2uq2W14tdikVkBiAW"},"senderMessageKeys":[]},{"senderKeyId":1261233598,"senderChainKey":{"iteration":3,"seed":"LpbkxiU8UAJOqG2IWWACMUA0/9Szi3iVWwl5Gzqru3A="},"senderSigningKey":{"public":"BdqyS7wWmeM9DESxgcby8Sh1gPhMb4pz1dh/b3jQTNAb"},"senderMessageKeys":[]},{"senderKeyId":656710383,"senderChainKey":{"iteration":1,"seed":"gADILXam3Z9uS3D+pfEKG2gxAv2uoMEBVAv8S8MZV6Q="},"senderSigningKey":{"public":"BZ2JHGhjM10+Q/L9S32JWL3TdfhFwo8LVMRR1tC8fGMl"},"senderMessageKeys":[]}]