[{"senderKeyId":1460749955,"senderChainKey":{"iteration":0,"seed":"UdXKEGj8PSKWcxQ8Y8fWdL4qvdzmoOSIR6yMnWAn8qE="},"senderSigningKey":{"public":"BTE1Bi3CS8oTzDCkJpiFtKRaHHHVBhdMWT0aPS8Yq91I"},"senderMessageKeys":[]},{"senderKeyId":202751298,"senderChainKey":{"iteration":2,"seed":"+Pe4XLEBurtbpR37ykgcd8ztQq2WX+DFtzsT6iMA1nM="},"senderSigningKey":{"public":"BS2TLQxa0FMWmfRCXECZBldlv/SYIlPHD2KMVdlApQRI"},"senderMessageKeys":[]},{"senderKeyId":202751298,"senderChainKey":{"iteration":1,"seed":"YH3/PSu+UMwuPT/+EDNNG5BJm+IbOHEEqojb2dvdyHg="},"senderSigningKey":{"public":"BS2TLQxa0FMWmfRCXECZBldlv/SYIlPHD2KMVdlApQRI"},"senderMessageKeys":[]},{"senderKeyId":499302363,"senderChainKey":{"iteration":1,"seed":"tljRDTWv+rWH11IdOKmW7Z0n/FjABYYoKR4yhhzQLX0="},"senderSigningKey":{"public":"BR04hjjwu1aCp+ZU33oKXmHju3yF2x6Gvem3p222Mysy"},"senderMessageKeys":[]},{"senderKeyId":1129869536,"senderChainKey":{"iteration":1,"seed":"wbQ+Fkk+KIg+Gbv1+GPAm7M24cQ2VX4KEunsXn+kb40="},"senderSigningKey":{"public":"Bf17OSqMlJbr4BmPEp8mTIR2nK9Mj1RZ2LA220WPy7wP"},"senderMessageKeys":[]}]