[{"senderKeyId":19529223,"senderChainKey":{"iteration":5,"seed":"THTSkAIhaPm4x/EtcKvUxA/iZMi2IpKzqO9owOHemOU="},"senderSigningKey":{"public":"BUohujSZNc0BQV5PkEcBk/nl6WqBYZDbAyx0Py1KE4x6"},"senderMessageKeys":[]},{"senderKeyId":19529223,"senderChainKey":{"iteration":3,"seed":"hwLH6hENvtW8991z3Ckr0vhVLBOl0j+UFRQwPZg1aO4="},"senderSigningKey":{"public":"BUohujSZNc0BQV5PkEcBk/nl6WqBYZDbAyx0Py1KE4x6"},"senderMessageKeys":[]},{"senderKeyId":1911945668,"senderChainKey":{"iteration":1,"seed":"SJsQCy8VdYdxuF8rfqb5psblEFjxkC2zvagQ3VETaj0="},"senderSigningKey":{"public":"BWR+dgiCGi9tJ20j5YQKowBAWHGBk9fJ9KpdnKFhfEJt"},"senderMessageKeys":[]}]