[{"senderKeyId":383869754,"senderChainKey":{"iteration":1,"seed":"3R5RxxdbZSWtizeCr+jv/rOv+c4ImN8xnOK1DsFPFG8="},"senderSigningKey":{"public":"Bb5iSX2VzGikcYESeLk3r7NUEDweostr6lwqBs2ggx9R"},"senderMessageKeys":[]},{"senderKeyId":1637419726,"senderChainKey":{"iteration":13,"seed":"3uZt/c9/naXmcNQzQIRaEWS0JQJxVwb3fBhYPbZtAQc="},"senderSigningKey":{"public":"BWlYzzrYdBRbvmSBpBDF+gKciyR2p6GOPqMz63RDB4IO"},"senderMessageKeys":[]},{"senderKeyId":1637419726,"senderChainKey":{"iteration":1,"seed":"fC0ui08xGAoCdbdjDmWhTveVPKjPQeQHCMblRbMrCFM="},"senderSigningKey":{"public":"BWlYzzrYdBRbvmSBpBDF+gKciyR2p6GOPqMz63RDB4IO"},"senderMessageKeys":[]},{"senderKeyId":320472662,"senderChainKey":{"iteration":4,"seed":"FJbJs5qT6XMH+J0Wa/z+qdPfHviu0iBzKPHw7Jcjuz8="},"senderSigningKey":{"public":"BSvK12e8zjIrNWO6aSClA++Xc4uZ6t4+HAS+7YaldFIK"},"senderMessageKeys":[]}]