[{"senderKeyId":672626683,"senderChainKey":{"iteration":2,"seed":"tWfZ6YpDatEow8qokqY6TF/F9v3iPRaOlA64tgcz9l8="},"senderSigningKey":{"public":"BSYSdh3/+5NdIuS3DsN87hRO3AGpYezPyb7Gd9ncosF3"},"senderMessageKeys":[]},{"senderKeyId":672626683,"senderChainKey":{"iteration":1,"seed":"Xpi1P2Ye4pf36X0TWH4wWyr7e4+gkcbY/ol+ZZ6Xtxc="},"senderSigningKey":{"public":"BSYSdh3/+5NdIuS3DsN87hRO3AGpYezPyb7Gd9ncosF3"},"senderMessageKeys":[]},{"senderKeyId":1882366936,"senderChainKey":{"iteration":1,"seed":"pOZCRCS0f6JDpxk7oMywrhdrEGZeIQix3Q1R5TQumo8="},"senderSigningKey":{"public":"BWbzIGgAHYUmWT/qlRg9xcrxgejyFFAHNVTNCj30Iqgl"},"senderMessageKeys":[]},{"senderKeyId":744418700,"senderChainKey":{"iteration":1,"seed":"2GUAHGMJzPmw8D0QwTy/PxDBH8P6LJLYixbeiUS7AQY="},"senderSigningKey":{"public":"Bf4nhjdHV/mPAEXeLDVSGgRfbch8kmtCK/k1aqm6e2x7"},"senderMessageKeys":[]},{"senderKeyId":1108609612,"senderChainKey":{"iteration":3,"seed":"Ats/bg7uV+dRrQrbD6LdZaBzmP6D7rLgNuJG2HHUi3o="},"senderSigningKey":{"public":"BVBfg0St1fFF26043eLYofPpQHKYFKKZWLJCD2ildUFY"},"senderMessageKeys":[]}]