[{"senderKeyId":1047193051,"senderChainKey":{"iteration":4,"seed":"Wx9Rk4PqyRBvDl6FFf+QLcUoA6oK1OetoyHvPW7IQ9E="},"senderSigningKey":{"public":"BfNSRiEQurKrOsEjKLzPT2koh38B2xGBzAXAxbKdOZw6"},"senderMessageKeys":[{}]},{"senderKeyId":1047193051,"senderChainKey":{"iteration":1,"seed":"/pD6VgU69GDmoASjB7GbrdhhrCqwOJ8+qECR71fH+oI="},"senderSigningKey":{"public":"BfNSRiEQurKrOsEjKLzPT2koh38B2xGBzAXAxbKdOZw6"},"senderMessageKeys":[]},{"senderKeyId":1047193051,"senderChainKey":{"iteration":2,"seed":"gVRyfTO2q0YZRrjPSqn5frtRt/oskrUagbwGwJgCHbQ="},"senderSigningKey":{"public":"BfNSRiEQurKrOsEjKLzPT2koh38B2xGBzAXAxbKdOZw6"},"senderMessageKeys":[]}]