[{"senderKeyId":64733082,"senderChainKey":{"iteration":1,"seed":"mMV0jn6taXCTeeMSYGZGdc+fXravpr1G832TUkGL4a8="},"senderSigningKey":{"public":"BSU7e4ToLUiD+4Sxv/aLFFk6RQmBDi3b51A36IQgSREg"},"senderMessageKeys":[]},{"senderKeyId":445483692,"senderChainKey":{"iteration":3,"seed":"mxFhPFCLHl6NcPtjUlaNJT07OKnhx/XsmB+FlyF0WzE="},"senderSigningKey":{"public":"Bbdt0IVJO3VotM7tiQn4gyWqHSlYSCOT8bOUDotV/kBC"},"senderMessageKeys":[]},{"senderKeyId":497178036,"senderChainKey":{"iteration":1,"seed":"ApfGxShjgT1oHlFf0aZrpNX/Jw7t38VUJFlSltOv60Q="},"senderSigningKey":{"public":"BXeb+0sEFA8JDDtsNdHP6Hj0vaJszHOBkKnmFAfaB20I"},"senderMessageKeys":[]},{"senderKeyId":558412432,"senderChainKey":{"iteration":1,"seed":"7lU+nzeAMrk5LsKmjvYdKcVuHQpk4tcreQp/MxosZFs="},"senderSigningKey":{"public":"BS+zsmszXRp0NN8Iq/3JqdW56zfrrwjMtIWsAbTltOon"},"senderMessageKeys":[]},{"senderKeyId":1739783818,"senderChainKey":{"iteration":1,"seed":"Rbi2AH5lxpIrfssAf0CoVNKn5U7W2y5LejP50pKIhzI="},"senderSigningKey":{"public":"BcjsseXbrpZ+HNVsXa3QgCWmM51rmKnKLDb7WoXTcoci"},"senderMessageKeys":[]}]