[{"senderKeyId":1235188013,"senderChainKey":{"iteration":2,"seed":"qVa3WJCh1Ek1ByKCGxOfMVsXn4ZWRmD8FRsYe8ngKm0="},"senderSigningKey":{"public":"BUVcKzBeoFa22/uz7XW/M2KHw5GlxdKRiXFOtZIa2ZMo"},"senderMessageKeys":[]},{"senderKeyId":327740397,"senderChainKey":{"iteration":3,"seed":"c/lMZIcw7WNwBlfUkMcIS3FSsiJ5I61jZM2GVAWbgJY="},"senderSigningKey":{"public":"BZm8snnb0CSzLfNBsnlcsXyliwjeK2gb33fLPBvRfjwc"},"senderMessageKeys":[]},{"senderKeyId":1419127233,"senderChainKey":{"iteration":3,"seed":"6MFKJEjLWhyaMOkHIYfxO4GoDPFSruAD+68wCSF5/Y0="},"senderSigningKey":{"public":"BdBbyjceocvWt+bHiCejVyvW+r7dEv0LS7pdIy0X2QtO"},"senderMessageKeys":[]}]