[{"senderKeyId":1011981876,"senderChainKey":{"iteration":2,"seed":"WnMNSGwL3RmIUkTOL6Qa2EJcRsTI/AfXeOzf0T3wP+A="},"senderSigningKey":{"public":"BTUYtiUN2dpnF11+bnLCcUT07VmiNPYD79Sv0uTX441G"},"senderMessageKeys":[{}]},{"senderKeyId":1011981876,"senderChainKey":{"iteration":1,"seed":"gSAy/9E+JwYyNpeymsnTGVJK/zkEeOx/W7aKc1DSeLo="},"senderSigningKey":{"public":"BTUYtiUN2dpnF11+bnLCcUT07VmiNPYD79Sv0uTX441G"},"senderMessageKeys":[]},{"senderKeyId":74506253,"senderChainKey":{"iteration":2,"seed":"Tb4qwiNAy2LmFhCilJ3ylowevBuu1kCOkG5tbhc4nBM="},"senderSigningKey":{"public":"BYtpkRaykjC+UTDoyXie49OKl6ko4YPfEkKKR3gnu0R5"},"senderMessageKeys":[]}]