[{"senderKeyId":1618617710,"senderChainKey":{"iteration":1,"seed":"l2JC+ILaNF73i49mTAbSWmEoyTY2b3/0di4hEAstinA="},"senderSigningKey":{"public":"Bdb2rFUcct5HMzYB9v9tsGlDC7HyQhbj3O4nRjvXIHMM"},"senderMessageKeys":[]},{"senderKeyId":1433246134,"senderChainKey":{"iteration":1,"seed":"mkJlMUCWsWXYKTiNHfe/Vy+r6WVYtGcQRk7cFXu7rFM="},"senderSigningKey":{"public":"BYQzlJpVH6QXrM5u9RYbytospZ/r9yymYbCFNC5v9zcw"},"senderMessageKeys":[]},{"senderKeyId":960903702,"senderChainKey":{"iteration":1,"seed":"Gj2bYeqKBKZNxJzrjml2iwhhwGt6q2CDocx5t98yx7A="},"senderSigningKey":{"public":"BV4AHlTUcQQJhJJcrvPrtnr7Ej9o6lXsIOw8ZzyoB3lb"},"senderMessageKeys":[]},{"senderKeyId":1197807539,"senderChainKey":{"iteration":2,"seed":"EpzljWkRHP2DsZqvOdyL7TNazRrpGh09muvvM4++bpg="},"senderSigningKey":{"public":"BSAqgpx8EtMJB+KUVd7LkU3Fa1W9/kNvatBohqFHmxRs"},"senderMessageKeys":[]},{"senderKeyId":15773024,"senderChainKey":{"iteration":1,"seed":"lC+xXVlC2gz/1JXZ9BzXL0m+Iknb3aBTnebSXxhfbIQ="},"senderSigningKey":{"public":"BV3b8X/ByU9MO9f+r1xKozT3bqcpROhrVrwkj68eac4h"},"senderMessageKeys":[]}]