[{"senderKeyId":487804477,"senderChainKey":{"iteration":8,"seed":"XOzvxMwE9lhFQrTJ2TNFStINVowHjB2fYxYrOrKI5pg="},"senderSigningKey":{"public":"BYFhnYBqipcrTIUCtszdBIBo7FAN+cPF7p4fQvanUFMJ"},"senderMessageKeys":[]},{"senderKeyId":1837592155,"senderChainKey":{"iteration":2,"seed":"bUkmqNvvUzsri+1E+YGXTYdKwc1oQmyZcKrEstPyNU4="},"senderSigningKey":{"public":"BYpiPIFq2pIoq6kOgOk3EMUszCvpfacrrgD6AodjCPFH"},"senderMessageKeys":[]},{"senderKeyId":98047431,"senderChainKey":{"iteration":12,"seed":"2nC4aKMEaud50KvpiMvNrv/SVMM1AyE1UmoQFXY43Ek="},"senderSigningKey":{"public":"BSHrpyIjrvj0TVtUa552+VR2Ap4gVNW+CNMnpwuvLHdE"},"senderMessageKeys":[{}]},{"senderKeyId":842315385,"senderChainKey":{"iteration":2,"seed":"tCAl/YzuS07e8+N8FIRs+gwP4JCWG/we4CbYEDdoIxA="},"senderSigningKey":{"public":"BWd2YdnmusGRERh6E/frqBrgV4iHUmkwzWs/42tXB3VO"},"senderMessageKeys":[]},{"senderKeyId":1498578384,"senderChainKey":{"iteration":5,"seed":"hWySSn2UA1NKi844M3UaprO2tgcOLZVJ9+SV1sctSEo="},"senderSigningKey":{"public":"BaAl9UGIVbGOfApI8ZXPbR/8wyPI4Pd9CqfS1YfMuTtC"},"senderMessageKeys":[]}]