[{"senderKeyId":21726296,"senderChainKey":{"iteration":2,"seed":"oZHFsHoba4KX79EqBo/DerxInP81RBByvlu7w7nNnFs="},"senderSigningKey":{"public":"Bd35w7oLsoOKUPWTM6OEBzziWmQ/Af5xtse95x26rj4E"},"senderMessageKeys":[]},{"senderKeyId":21726296,"senderChainKey":{"iteration":4,"seed":"L3KXj/6C26O/o+fpQwAh1X7TdrMge3IbK1t3w7xuhIw="},"senderSigningKey":{"public":"Bd35w7oLsoOKUPWTM6OEBzziWmQ/Af5xtse95x26rj4E"},"senderMessageKeys":[]},{"senderKeyId":1493724307,"senderChainKey":{"iteration":4,"seed":"54bSIGlksHYpRJmLCeLqC4h5FPuawjaNai1IlX0eI8c="},"senderSigningKey":{"public":"BXB0+3qUkveO3b4bUx8grLzTpUcLk5FqqOFmWAYlWH4r"},"senderMessageKeys":[]},{"senderKeyId":1493724307,"senderChainKey":{"iteration":2,"seed":"4a78yNSFoH8kuwgbk8NDvMBV2KLcvU+h9z+nGTq5vFc="},"senderSigningKey":{"public":"BXB0+3qUkveO3b4bUx8grLzTpUcLk5FqqOFmWAYlWH4r"},"senderMessageKeys":[]},{"senderKeyId":1493724307,"senderChainKey":{"iteration":3,"seed":"BbJ20g6gCjqqs2KsHQL1bs+hojjuUAV0LAGfTsPwfuo="},"senderSigningKey":{"public":"BXB0+3qUkveO3b4bUx8grLzTpUcLk5FqqOFmWAYlWH4r"},"senderMessageKeys":[]}]