[{"senderKeyId":1752347671,"senderChainKey":{"iteration":3,"seed":"Li206Z/JEuxl4jKKwF29gcD4ChJjLxzJeT13LLYVoy0="},"senderSigningKey":{"public":"BTYp5W+BF12SBRkK3urIGivdBHViZHlgFmJTPqO1qXgo"},"senderMessageKeys":[]},{"senderKeyId":1154226637,"senderChainKey":{"iteration":1,"seed":"hXx5Da8ER8KP/D+fum3zf7xb7IHykevloJPSEbIKgKQ="},"senderSigningKey":{"public":"BdVtBfF729p9j2oiTDu0pfQcSxpaarRvCZCHGVF2U15Q"},"senderMessageKeys":[]},{"senderKeyId":595491483,"senderChainKey":{"iteration":2,"seed":"eJ0n2Z5cqtrdXLUS29sWA41IZcBzoNQPFt3TWIRnkXA="},"senderSigningKey":{"public":"BU0jf3DIgMUahQHSjaz42lhVaFCXtnNVlAuQPZLlnhd3"},"senderMessageKeys":[]},{"senderKeyId":938279767,"senderChainKey":{"iteration":1,"seed":"oL+vyNlwcJvqD2szkTS/FJnTeYoDQAYxiuxxKg+fve8="},"senderSigningKey":{"public":"BTjU78/gzq6IB0QTcXZWje/43Jw+AS0tam0DjN5n6O4F"},"senderMessageKeys":[]}]