[{"senderKeyId":1151487697,"senderChainKey":{"iteration":1,"seed":"Y45JDJ+UQG4GLTuAqOxK4IQhOJYZWAb+snCgfKL7tJU="},"senderSigningKey":{"public":"BdSdGKacR6rWRLbL5EKvN7U9Bd7Osf5eR8TLo9TsTQUy"},"senderMessageKeys":[]},{"senderKeyId":434254640,"senderChainKey":{"iteration":2,"seed":"nQtoTZg+ZB+R3GnUUPx0jIi1PwSuUbQbrdRbpkjwkmA="},"senderSigningKey":{"public":"BS8EpbbqfDMriDpmiPE8FFVx/3trlKViNEDzR6LXWSMV"},"senderMessageKeys":[]},{"senderKeyId":434254640,"senderChainKey":{"iteration":1,"seed":"zMJ6qSTF+uiYb3mcsRTpLm/39f+jlsZCx/Q+j2r/W/I="},"senderSigningKey":{"public":"BS8EpbbqfDMriDpmiPE8FFVx/3trlKViNEDzR6LXWSMV"},"senderMessageKeys":[]},{"senderKeyId":35434499,"senderChainKey":{"iteration":1,"seed":"7hZddxZeU0wXwVAhKQe8T2mgOPRXriWVnlVDXq9nfLI="},"senderSigningKey":{"public":"Bc58niXPdnp5risPXdoXc/CJfKSwOL1KlG+xGGUZEPo2"},"senderMessageKeys":[]},{"senderKeyId":978547432,"senderChainKey":{"iteration":1,"seed":"hFrCetjgaEW7sCWxTg+/gWhOHOGBu4/kcHHxFBeuoyk="},"senderSigningKey":{"public":"BdwJ1f1dDiDhY03G8Lh3OB0RzV1PE7WvbgMnfGDBSw8+"},"senderMessageKeys":[]}]