[{"senderKeyId":1100939465,"senderChainKey":{"iteration":11,"seed":"QBJlv2KxQGOV2nkhBGmaxLRffFVsiOpJr9v0xSKhHuk="},"senderSigningKey":{"public":"BQGmPkNoX37xexM2oPqLNSaUJk03HpfDpQPefH5p5r9O"},"senderMessageKeys":[{},{},{},{},{},{}]},{"senderKeyId":1100939465,"senderChainKey":{"iteration":5,"seed":"qNFjhqvJbz6WXrCHHPF11Iwc6vcATZnsewcs/VAM20E="},"senderSigningKey":{"public":"BQGmPkNoX37xexM2oPqLNSaUJk03HpfDpQPefH5p5r9O"},"senderMessageKeys":[]},{"senderKeyId":1100939465,"senderChainKey":{"iteration":7,"seed":"JpQ0NEzxnarrPh/kwfcqpJQ1aLrYLFFrbTiuIHTk6ng="},"senderSigningKey":{"public":"BQGmPkNoX37xexM2oPqLNSaUJk03HpfDpQPefH5p5r9O"},"senderMessageKeys":[]},{"senderKeyId":1100939465,"senderChainKey":{"iteration":9,"seed":"VBEbQ6tWcOPl89u6qkfMcTgdoFY9afeihRiEs+7OnYg="},"senderSigningKey":{"public":"BQGmPkNoX37xexM2oPqLNSaUJk03HpfDpQPefH5p5r9O"},"senderMessageKeys":[]},{"senderKeyId":1100939465,"senderChainKey":{"iteration":10,"seed":"CZJKu8ki0Ys0OFK5++p1Br5fe4FshakGs/D1gQ5/wGQ="},"senderSigningKey":{"public":"BQGmPkNoX37xexM2oPqLNSaUJk03HpfDpQPefH5p5r9O"},"senderMessageKeys":[]}]