[{"senderKeyId":1102949334,"senderChainKey":{"iteration":4,"seed":"5pZniWTn/p0k3h+Xp2pDGUZ0zeJwCCKELd6GjTBfOwY="},"senderSigningKey":{"public":"BWWTE7d370QHMalVNle1LJwsTbrvRRw8AI6M1zTPBklW"},"senderMessageKeys":[{},{}]},{"senderKeyId":1102949334,"senderChainKey":{"iteration":2,"seed":"paoopKQf6C4EAiQrsd5E9/RuKnQ8KDT15ODMYqKjI4w="},"senderSigningKey":{"public":"BWWTE7d370QHMalVNle1LJwsTbrvRRw8AI6M1zTPBklW"},"senderMessageKeys":[]},{"senderKeyId":516423439,"senderChainKey":{"iteration":2,"seed":"BtOZ653mLlM+3dlGBIenhfgQSpeIVXdhdG3uImC7/lA="},"senderSigningKey":{"public":"BUbGSTN1VRqFvGmIZyVvX9QEuC0eVK0l9rLQnJXXahYy"},"senderMessageKeys":[]},{"senderKeyId":2076914298,"senderChainKey":{"iteration":7,"seed":"AAifHnp9n9kxJ30d1XJI8R1tUwXEn24v3XLhpMSGVKo="},"senderSigningKey":{"public":"BQ1xomIEINIqKj3Tz0JU2v+7Xzw/oPTOOFxg+ypIEGFk"},"senderMessageKeys":[]}]