{"_sessions":{"BTKa87vThEPEi5E9cbh4Lb5oFicACZ1tst6Q+L4579og":{"registrationId":830459177,"currentRatchet":{"ephemeralKeyPair":{"pubKey":"BRJWzmUG/1lKcip3USCWmHj8CbCiqcyJ1vjiqT5FxiI/","privKey":"oGD+qoEgH+j02nx61D8b6LBeYhqk1jodesL4I1QrpmE="},"lastRemoteEphemeralKey":"BS6nXoVABcBe5lTMNfjbq1gQC6qKrDPFTJ4n1VMqCCEu","previousCounter":0,"rootKey":"h0aVK9TAcpgg8qyI8MEZOvM/qaNSVaobbOO4KUE1RhE="},"indexInfo":{"baseKey":"BTKa87vThEPEi5E9cbh4Lb5oFicACZ1tst6Q+L4579og","baseKeyType":2,"closed":-1,"used":1701925653391,"created":1701925653391,"remoteIdentityKey":"BUI6qi2/Bxv54Di8Ym7p2cecfA/JxLDudvc1fBs59QkW"},"_chains":{"BS6nXoVABcBe5lTMNfjbq1gQC6qKrDPFTJ4n1VMqCCEu":{"chainKey":{"counter":1,"key":"IpJSFdq/qQaJ0enfy3HqyUgvV0UI6urIvcpypYbcpyc="},"chainType":2,"messageKeys":{}},"BRJWzmUG/1lKcip3USCWmHj8CbCiqcyJ1vjiqT5FxiI/":{"chainKey":{"counter":-1,"key":"CIS53wf/8T8LU1YIqEEjCIglIPduP0dIgkFAmnwJndo="},"chainType":1,"messageKeys":{}}}}},"version":"v1"}