{"_sessions":{"BebB30U5/h61GLwYztymyHV91SF/QDr5as/PZCTDL1ps":{"registrationId":722427501,"currentRatchet":{"ephemeralKeyPair":{"pubKey":"BSSfpfmn+PQwBukKuBsUUv4R9fm7P/Gf2LWo7xop+61W","privKey":"MKF3za/mzI3+BhkVDnPS97LO8GTVHhOpmDyciF9ARWk="},"lastRemoteEphemeralKey":"BbuO5mfK5LjwJ38BItfuLSrYR00NjlnBhVq05Pg1PzN8","previousCounter":0,"rootKey":"aajIsSy74JaGrymNUS79wUr7Urs7LuCwxo+4+BboLOU="},"indexInfo":{"baseKey":"BebB30U5/h61GLwYztymyHV91SF/QDr5as/PZCTDL1ps","baseKeyType":2,"closed":-1,"used":1701925641674,"created":1701925641674,"remoteIdentityKey":"Bc4tGTA7zNISpP6KqGXBKLGDSxzD13s4yYJrxRiYwMZo"},"_chains":{"BbuO5mfK5LjwJ38BItfuLSrYR00NjlnBhVq05Pg1PzN8":{"chainKey":{"counter":0,"key":"3ph/GVH7RgVi+V84VevwO3DEsLdrOXKXV5uxoq/oKj8="},"chainType":2,"messageKeys":{}},"BSSfpfmn+PQwBukKuBsUUv4R9fm7P/Gf2LWo7xop+61W":{"chainKey":{"counter":-1,"key":"YG+wRLGiXqASrTEjK6UCVxylKndF9wYAbbG+qciqeRM="},"chainType":1,"messageKeys":{}}}}},"version":"v1"}