{"_sessions":{"BRvRXLoABNK6mkfFwrR3jKKz4Okpx/nC5NOzMqGTbIdf":{"registrationId":1800359744,"currentRatchet":{"ephemeralKeyPair":{"pubKey":"BfDSV/8RT4eVutJ/iGnwXvpuYXCpl79JlgT9GYlj4PxM","privKey":"qKLB+EQgl5lqHydTLJGVo+cZ+bVaN30OUQMm2XIGREo="},"lastRemoteEphemeralKey":"BUfZPgQdGlgQDaDYJB7VHCKjbF6BgcfM/lLOO4G1O+FU","previousCounter":0,"rootKey":"r7LFMLNj3ns+voMDeHZEBfuuVnkAvR+8iLDXEIx3Zqw="},"indexInfo":{"baseKey":"BRvRXLoABNK6mkfFwrR3jKKz4Okpx/nC5NOzMqGTbIdf","baseKeyType":2,"closed":-1,"used":1701925698018,"created":1701925698018,"remoteIdentityKey":"BZRGIKbM+QMBABsGuVCDtQN2ul36vKJX3MfHthrlQ8hb"},"_chains":{"BUfZPgQdGlgQDaDYJB7VHCKjbF6BgcfM/lLOO4G1O+FU":{"chainKey":{"counter":0,"key":"C1bl0PXsQl+cOwEFSD9EOwMnUx6w/++IWZlm+Eg5R68="},"chainType":2,"messageKeys":{}},"BfDSV/8RT4eVutJ/iGnwXvpuYXCpl79JlgT9GYlj4PxM":{"chainKey":{"counter":-1,"key":"1feqj7gwiRJlZKWboc8tWtr83YIDxq0Fs7uBwcKv4DA="},"chainType":1,"messageKeys":{}}}}},"version":"v1"}