{"_sessions":{"BT50ttV32068xVzCXYXgAXCXQfXrhr+YfZ2n3X7AKyxz":{"registrationId":961413830,"currentRatchet":{"ephemeralKeyPair":{"pubKey":"BeUUucB56KtpUtfEX7s7PqvxFpjx50AXqF9Pc9NF5xcx","privKey":"CPuiGPVAc1CrpUoqSt32m9gg8/K0SMst+1K95eI4+HU="},"lastRemoteEphemeralKey":"BW+TRAY/fF2UQOsQ1kDilZvOTKnOD6T0GCt4FhsiC6hD","previousCounter":0,"rootKey":"3vWAhYZ4b9VYqAkGS978hEiVigGYSwBoEQs5cauisVs="},"indexInfo":{"baseKey":"BT50ttV32068xVzCXYXgAXCXQfXrhr+YfZ2n3X7AKyxz","baseKeyType":2,"closed":-1,"used":1701925657937,"created":1701925657937,"remoteIdentityKey":"BeilyBd6ipuRx6OmuhcR9wxqknOELAOxpN5yvTbVy2VR"},"_chains":{"BW+TRAY/fF2UQOsQ1kDilZvOTKnOD6T0GCt4FhsiC6hD":{"chainKey":{"counter":0,"key":"G/wAEldcnU8kz5Ysk2v/s3hfcCuGnvB0M+rX6UOnlgA="},"chainType":2,"messageKeys":{}},"BeUUucB56KtpUtfEX7s7PqvxFpjx50AXqF9Pc9NF5xcx":{"chainKey":{"counter":-1,"key":"WAaptqZNMrfBUZUws/e1MclYgJSalgB33j8FZcyLb4I="},"chainType":1,"messageKeys":{}}}}},"version":"v1"}