{"_sessions":{"BcM/j76cChY2yS6vOrigPFkBq5abr8k71kWeFNns2yNB":{"registrationId":10149279,"currentRatchet":{"ephemeralKeyPair":{"pubKey":"BVZ8QBlt62qU9d1I1MlIIosDf2QWN0PjZL+P4pdtaFlR","privKey":"YL4Cs8OPQDmTRy0Pb3OzcMUyF6bPoka6djdDhiYED2U="},"lastRemoteEphemeralKey":"BQmb2K6gdeWYxOx1Zuj0CCP0EoKojOryl8TLsSjPylAL","previousCounter":0,"rootKey":"oVAqEUnqhHtFVRpnfrwYnOIii6+qq47K+vvlGR00uT0="},"indexInfo":{"baseKey":"BcM/j76cChY2yS6vOrigPFkBq5abr8k71kWeFNns2yNB","baseKeyType":2,"closed":-1,"used":1701925653518,"created":1701925653518,"remoteIdentityKey":"BT/ygeYRRYIlrYDY6rfoChqJt6D9b+QULisFS4tWLeQ0"},"_chains":{"BQmb2K6gdeWYxOx1Zuj0CCP0EoKojOryl8TLsSjPylAL":{"chainKey":{"counter":4,"key":"SQfhVFDOd/sQ9nJBSlmgI4NbJ3vtdR7pYV/N9eWniFU="},"chainType":2,"messageKeys":{"0":"nxfEui5HObclx2aQ5X+2jiCoHJ13mqpCSFT+hyjhvzA="}},"BVZ8QBlt62qU9d1I1MlIIosDf2QWN0PjZL+P4pdtaFlR":{"chainKey":{"counter":-1,"key":"YMFpdHajjBMOKliuGwxwKvTmZD+CMBJe513SvabD76A="},"chainType":1,"messageKeys":{}}}}},"version":"v1"}