{"_sessions":{"BalERjUrBl+uuLDjJpeiLp52iW7i0RPyw0R3yfvXqfdz":{"registrationId":1413273467,"currentRatchet":{"ephemeralKeyPair":{"pubKey":"BSwqGEA9BjTQUFxN9DXJ7R4a6oZMyOxZP45vw/IcJaED","privKey":"KGVg7zZffqgfgiCSJInB2vQu8KCW8x5Mnyv7fPpZLWg="},"lastRemoteEphemeralKey":"BSQfHMBarJXZf6fwJ7Oaqt8Xc+ffNHVEu+tEKD5pqbhN","previousCounter":0,"rootKey":"0wFqdlRCjoaCd/N1bXFnsYbVJRBpnF2EU1VOnNg6Bwg="},"indexInfo":{"baseKey":"BalERjUrBl+uuLDjJpeiLp52iW7i0RPyw0R3yfvXqfdz","baseKeyType":2,"closed":-1,"used":1701925657573,"created":1701925657573,"remoteIdentityKey":"BcQIIZlBaeJPbXt8QDknTyI6hVJelrYZsxG1CijNZqo9"},"_chains":{"BSQfHMBarJXZf6fwJ7Oaqt8Xc+ffNHVEu+tEKD5pqbhN":{"chainKey":{"counter":3,"key":"eXTnmfKAY6kV0eIKzwpmd452sfbRrFsJVASNrO5QXjI="},"chainType":2,"messageKeys":{}},"BSwqGEA9BjTQUFxN9DXJ7R4a6oZMyOxZP45vw/IcJaED":{"chainKey":{"counter":-1,"key":"mqDzEqbk//K/iPGND6eyyRF05qq6pHfvCpP80RJ0F5M="},"chainType":1,"messageKeys":{}}}}},"version":"v1"}