{"_sessions":{"BY8j49kwOR6SqHFTlfSI9Rs2FsGmHCKGb+hkZExFId0o":{"registrationId":1040347435,"currentRatchet":{"ephemeralKeyPair":{"pubKey":"BXetS8maBcVIO2gmXAXwPgfR5CIzGot3Im1vHARRinM4","privKey":"cFJ2qUBJp0k8fox//N9/ppn1d0I1SvQuLrRFZB9RoVc="},"lastRemoteEphemeralKey":"BdHcb+7O3yU7mszeuc158iSo49ImX+ufUmvZicuUmsc3","previousCounter":0,"rootKey":"Fx8wssvt0MtzUozQrDIGIRf5w4B1S1nmVe228PsDJSQ="},"indexInfo":{"baseKey":"BY8j49kwOR6SqHFTlfSI9Rs2FsGmHCKGb+hkZExFId0o","baseKeyType":2,"closed":-1,"used":1701925684549,"created":1701925684549,"remoteIdentityKey":"BdRLcXscjSlQG7sa3f25U5QkL9CVaJT/iJ9Bz2UVpj04"},"_chains":{"BdHcb+7O3yU7mszeuc158iSo49ImX+ufUmvZicuUmsc3":{"chainKey":{"counter":13,"key":"4jJfmpPf8wHxJOB+2yGn7WhZgG4qEvllQcIuASrVh44="},"chainType":2,"messageKeys":{"10":"pIhemD1GzS9l2zsZeau4GMs6AM1zIcy+MyHm760gN44="}},"BXetS8maBcVIO2gmXAXwPgfR5CIzGot3Im1vHARRinM4":{"chainKey":{"counter":-1,"key":"Ka7tD49K4yMupbPG8i3cB8tMH18Wg7IIDEs3/PIcbXQ="},"chainType":1,"messageKeys":{}}}}},"version":"v1"}