{"_sessions":{"BaUuWJBXcmNhExlnFImJIYynHLGr8YvoZbjHqpoRVbFt":{"registrationId":2006552884,"currentRatchet":{"ephemeralKeyPair":{"pubKey":"BcKelDTiq61qY6/E2m16E80t4hSqJJDvUBubY0xJ7mpC","privKey":"cD/l3fUlrLF7kmW5mQmFK1EXD/PCe/ohl3Fv5ZJnOXk="},"lastRemoteEphemeralKey":"BSf/QXI937mLQZcKqUDhlcXuLNc6ol/kiIHyOUKxTbMB","previousCounter":0,"rootKey":"QcRYw6FydL/OkDE4X9vyNryYyiJL5GJ8qbcnDkTr2o4="},"indexInfo":{"baseKey":"BaUuWJBXcmNhExlnFImJIYynHLGr8YvoZbjHqpoRVbFt","baseKeyType":2,"closed":-1,"used":1701925701106,"created":1701925701106,"remoteIdentityKey":"BWoCZN/7E7irkYd5GafxBYUjtw/NsgDpG9qXAtsbo+BW"},"_chains":{"BSf/QXI937mLQZcKqUDhlcXuLNc6ol/kiIHyOUKxTbMB":{"chainKey":{"counter":1,"key":"I6glq22Xz38QmY6Duct0o44d/rC1d92djs6uYyaesfk="},"chainType":2,"messageKeys":{}},"BcKelDTiq61qY6/E2m16E80t4hSqJJDvUBubY0xJ7mpC":{"chainKey":{"counter":-1,"key":"B0O5o8asAFXUw+pF8AcvrO9gSpYhC1NsejyuHKGOkl4="},"chainType":1,"messageKeys":{}}}}},"version":"v1"}