{"_sessions":{"BYxzG97c1+JvHN3Uji44XrDNegVMJ8dy0wq3qK1urbBD":{"registrationId":472477227,"currentRatchet":{"ephemeralKeyPair":{"pubKey":"BaTGNT8PdSrjqVxHjV2BjTluYPTnaVcIJr1NJ+yXPTgJ","privKey":"IAg0ZGHjjh0rfLAZW4Il7tHBcOF+40J7nq13pbkUIXo="},"lastRemoteEphemeralKey":"BWYcX+Ht006YM/r/thKbhrrpP4glicFHNEvs57tvPg8w","previousCounter":0,"rootKey":"6WfyP/OOG4qQ9r3mqCrp42MzMmLADhZlTXc/cTv16cQ="},"indexInfo":{"baseKey":"BYxzG97c1+JvHN3Uji44XrDNegVMJ8dy0wq3qK1urbBD","baseKeyType":2,"closed":-1,"used":1701925642951,"created":1701925642951,"remoteIdentityKey":"BQaX6954tnJl6ubEMwnNjpeit+qR8eBB2Y08uV5s6y0F"},"_chains":{"BWYcX+Ht006YM/r/thKbhrrpP4glicFHNEvs57tvPg8w":{"chainKey":{"counter":0,"key":"uuy5COCI2YQmhHN5R3jb2cbeywazhcnzvO0dqHsq3RE="},"chainType":2,"messageKeys":{}},"BaTGNT8PdSrjqVxHjV2BjTluYPTnaVcIJr1NJ+yXPTgJ":{"chainKey":{"counter":-1,"key":"/ob/Ivdn48yMQkmju7u1Y2c8cDs6IEqid1Gi9oH0kKk="},"chainType":1,"messageKeys":{}}}}},"version":"v1"}