{"_sessions":{"BZYntGcmjzfjPHZLBJVaC0EKX6tuvI1NtBQrrZnQigoq":{"registrationId":122700951,"currentRatchet":{"ephemeralKeyPair":{"pubKey":"BZieyL6o5WrubuHWnsoiKVnxTgcDoZ+y1CW2HLZ7FmdU","privKey":"UO19LezejGuvJKJvHvkSjdqEi/EJyA2THVydoXc9WmE="},"lastRemoteEphemeralKey":"BZ5xkrL3iyyeexTDCVAA3SVMP4qSUW/bOY2YIcgC1aJ3","previousCounter":0,"rootKey":"G9X6xgG7Otw3hrAu8qWdFzMRLMctOYRmlGu0h+BfJMQ="},"indexInfo":{"baseKey":"BZYntGcmjzfjPHZLBJVaC0EKX6tuvI1NtBQrrZnQigoq","baseKeyType":2,"closed":-1,"used":1701925657379,"created":1701925657379,"remoteIdentityKey":"Be40A0SFcWvnpGpL4bWuvBQoGZrmi8kqW/JuQS852HBZ"},"_chains":{"BZ5xkrL3iyyeexTDCVAA3SVMP4qSUW/bOY2YIcgC1aJ3":{"chainKey":{"counter":2,"key":"FJ8z/nwirI5RD6Q7vqGzoSvswj+es6yOzksn74VK4gQ="},"chainType":2,"messageKeys":{}},"BZieyL6o5WrubuHWnsoiKVnxTgcDoZ+y1CW2HLZ7FmdU":{"chainKey":{"counter":-1,"key":"fqFcLQunPkraON0WiiX/UxAJCWJfh4JMjbrUhZ54Q+Q="},"chainType":1,"messageKeys":{}}}}},"version":"v1"}