{"_sessions":{"BeTRXMh8jotYs+9Tn855G4gCmqmBEaAl65ROlkcTtCZ1":{"registrationId":1382415629,"currentRatchet":{"ephemeralKeyPair":{"pubKey":"BaL+w1Zvun94ftWL32Hz6XXfY/oAhU/K/J5UCJMlitdB","privKey":"mHCifrCuAjFuzpNcPuaJNH1DX6NNuitsTjWh+hJIBl4="},"lastRemoteEphemeralKey":"Bcq4E9py3HkDr86YC3ZW7Pk5X9+PvkO1zEO0qVTf9mE2","previousCounter":0,"rootKey":"H95AXpPCX1r26InAPKDWSNV3NvrvPDaQh4NkWQnJ8U0="},"indexInfo":{"baseKey":"BeTRXMh8jotYs+9Tn855G4gCmqmBEaAl65ROlkcTtCZ1","baseKeyType":2,"closed":-1,"used":1701925690845,"created":1701925690845,"remoteIdentityKey":"BWU++z81pfwrLbPgi+a2heQn6FtnLKM/LVjn/HLospp2"},"_chains":{"Bcq4E9py3HkDr86YC3ZW7Pk5X9+PvkO1zEO0qVTf9mE2":{"chainKey":{"counter":1,"key":"RdKcVhvSJxfHdfxER6vlhfuTA8KogRQNggWDGX+RByo="},"chainType":2,"messageKeys":{}},"BaL+w1Zvun94ftWL32Hz6XXfY/oAhU/K/J5UCJMlitdB":{"chainKey":{"counter":-1,"key":"H5RMjqb8ZxFocBPWTvnhBN7GKasJyPtJkET/b0yTqTc="},"chainType":1,"messageKeys":{}}}}},"version":"v1"}