{"_sessions":{"BfkP3s2XAk1NCA6StRE1JnBtNUDL/fKZP9IieYSqO2Bm":{"registrationId":250380863,"currentRatchet":{"ephemeralKeyPair":{"pubKey":"BUDle+CNVFdwo3ZNPrKUw22jl3YLWNn2rC6lGDYUuRlI","privKey":"eLrBc/lfBq4U6SO+DVymRHZIrdaV9f9CPwsPeGSYPWs="},"lastRemoteEphemeralKey":"BQWHKKIAFgfkocM/8YnvmVaMSmV6glHGzpWMRYd6FD0Q","previousCounter":0,"rootKey":"bJ8Sepz1MpipTjnGkh4kGmhyllKpvnB2ItK7fXnfgSs="},"indexInfo":{"baseKey":"BfkP3s2XAk1NCA6StRE1JnBtNUDL/fKZP9IieYSqO2Bm","baseKeyType":2,"closed":-1,"used":1701925672136,"created":1701925672136,"remoteIdentityKey":"BelZDhQ15jSAeonXDGHxXRWbu0pdxQFM45VHFp1dyuwp"},"_chains":{"BQWHKKIAFgfkocM/8YnvmVaMSmV6glHGzpWMRYd6FD0Q":{"chainKey":{"counter":0,"key":"k1bEQ3VLDhhGM3sNH349o3yyKNGhRuTw/ZR5LXRWTVw="},"chainType":2,"messageKeys":{}},"BUDle+CNVFdwo3ZNPrKUw22jl3YLWNn2rC6lGDYUuRlI":{"chainKey":{"counter":-1,"key":"wGYBE/6M5jG+91mZttkukLWh03GZ0uQEGdcrReRwIFw="},"chainType":1,"messageKeys":{}}}}},"version":"v1"}