{"_sessions":{"BYeKWEVCpYOK0FuiChY8Pw8IhBnPTJWajFlXLaJ/LEMz":{"registrationId":395867272,"currentRatchet":{"ephemeralKeyPair":{"pubKey":"BR2g/38F/zUdnW2alFaCI+LRPteMO31mfVeJPLKLbdMD","privKey":"gFBGKzfvyls0nsFDmKHuY87AZg9viWAQywynAuxhFUQ="},"lastRemoteEphemeralKey":"BRfnMCEuTG3JCrX4jkAlzyikcE6OpaU6jpVN02r/ayUs","previousCounter":0,"rootKey":"yIRoUvhfHHdzNydReKR7nmILM90c9ISRReKzCJ/wdZw="},"indexInfo":{"baseKey":"BYeKWEVCpYOK0FuiChY8Pw8IhBnPTJWajFlXLaJ/LEMz","baseKeyType":2,"closed":-1,"used":1701925648698,"created":1701925648698,"remoteIdentityKey":"BdsvdCmDDIzQrC8wpYaeY/Bxbbu8IGK/QkFZ7Lrd1qpX"},"_chains":{"BRfnMCEuTG3JCrX4jkAlzyikcE6OpaU6jpVN02r/ayUs":{"chainKey":{"counter":0,"key":"BkH8NjxlzHtktq28SkShbjuFLbe6/PJiDAOWCwe9wQc="},"chainType":2,"messageKeys":{}},"BR2g/38F/zUdnW2alFaCI+LRPteMO31mfVeJPLKLbdMD":{"chainKey":{"counter":-1,"key":"nUpzPte5eS1OX6q+bNBeNNXRZyE63DDGA1LcwrrzTWM="},"chainType":1,"messageKeys":{}}}}},"version":"v1"}