{"_sessions":{"BQh0idAHiJ1HwQsBOjSDolYg4W+OLeoKHG5XtbvDKZNL":{"registrationId":2063741039,"currentRatchet":{"ephemeralKeyPair":{"pubKey":"BdW1V2y5ESo1iH14AkRGCS6Moxd8x88MdSq565z6wDsY","privKey":"6GX7FLVIxFivHrtb32Yr/FCiI8sNQ5OCMM+ZDx+fTXo="},"lastRemoteEphemeralKey":"BbDKhjPi5YfRLbnwY89MWP9wUvu/NehrhSDPgZMbB+Bn","previousCounter":0,"rootKey":"ndT0UkUNl5zrAv9VUpLPd9W6bWxaz8cr/87SzVcMJIg="},"indexInfo":{"baseKey":"BQh0idAHiJ1HwQsBOjSDolYg4W+OLeoKHG5XtbvDKZNL","baseKeyType":2,"closed":-1,"used":1701925687967,"created":1701925687967,"remoteIdentityKey":"BSkguss7qjq630HMo7h4ng4/2w7PWsnbmxsYRr8Ko9sc"},"_chains":{"BbDKhjPi5YfRLbnwY89MWP9wUvu/NehrhSDPgZMbB+Bn":{"chainKey":{"counter":3,"key":"cRXLU/WDPP8X7/+HV9L0QaOk2+FA9MThY8otpxAHl50="},"chainType":2,"messageKeys":{"1":"idmdv3tcB+YINcfO9mZj/+TVSZjUdvbx1FfbfMah8bw="}},"BdW1V2y5ESo1iH14AkRGCS6Moxd8x88MdSq565z6wDsY":{"chainKey":{"counter":-1,"key":"xw2CXjJPrZxgNXQHqacXbiTzVkqWBcoKcwhbRNJJu8M="},"chainType":1,"messageKeys":{}}}}},"version":"v1"}