{"_sessions":{"BRnX9Ykx0mJbpOiNVTyA+hkG/sAdb5wAoHDogzT4rTgf":{"registrationId":1322654735,"currentRatchet":{"ephemeralKeyPair":{"pubKey":"BdrChf2btOz5MSxOiNJyg8GUScD9iXflhzTBaDFb5OE6","privKey":"SOEaSB6uX5AyryN0KOfMXGjvuLo72jdTwNSXrEnl31c="},"lastRemoteEphemeralKey":"BYRd6c3gqbLAR9T2+4Fn+5fCe3z/po4iM06cLRBJJAIo","previousCounter":0,"rootKey":"GAX4GNUKNxunGYMteejgRikrd/UdvqNXaOEKktgi92E="},"indexInfo":{"baseKey":"BRnX9Ykx0mJbpOiNVTyA+hkG/sAdb5wAoHDogzT4rTgf","baseKeyType":2,"closed":-1,"used":1701925689393,"created":1701925689393,"remoteIdentityKey":"BeZrvZ+38ycvdSqBrC/ZZy8Tfki3X18mP9Pvf2jiCg5A"},"_chains":{"BYRd6c3gqbLAR9T2+4Fn+5fCe3z/po4iM06cLRBJJAIo":{"chainKey":{"counter":1,"key":"gZ6lDMemUflMrNWIVpn1sX7hkDYlDuyUkq3+aQrQX4w="},"chainType":2,"messageKeys":{}},"BdrChf2btOz5MSxOiNJyg8GUScD9iXflhzTBaDFb5OE6":{"chainKey":{"counter":-1,"key":"u3LK6PWSesY8a38plmo4Gp/PNRgySaN3lQwLL1hG62Y="},"chainType":1,"messageKeys":{}}}}},"version":"v1"}