{"_sessions":{"BXhClG52bHX1YnDlcESMEOyYoDaG/kGeLJeBF8EvcClR":{"registrationId":130051807,"currentRatchet":{"ephemeralKeyPair":{"pubKey":"BerKuP7vtSufiUy49ZXpfj4OTHAlJJjWf+h/Yv3fdXUa","privKey":"WORM+cdqZfJdJ1c8qZ1u9c2q0DcbDPsWfoIsp1cIgF8="},"lastRemoteEphemeralKey":"BT8jJv4++dYRsKkXqaJ5ZQAN4B3SUvbdMDeWK7OqkII7","previousCounter":0,"rootKey":"rnNFsVEjpjHCs3y7eyiG3SXlXJDIHXoR+sP2wb2UClk="},"indexInfo":{"baseKey":"BXhClG52bHX1YnDlcESMEOyYoDaG/kGeLJeBF8EvcClR","baseKeyType":2,"closed":-1,"used":1701925691950,"created":1701925691950,"remoteIdentityKey":"Bb1VWDlZRQDKEhb3fj/D+pnHIMW0o/zUUSgDXTc5WbN/"},"_chains":{"BT8jJv4++dYRsKkXqaJ5ZQAN4B3SUvbdMDeWK7OqkII7":{"chainKey":{"counter":0,"key":"oxox/CZmdY4rDezlJzzLZK+TgrTRG0m/jYoCwU0/hU0="},"chainType":2,"messageKeys":{}},"BerKuP7vtSufiUy49ZXpfj4OTHAlJJjWf+h/Yv3fdXUa":{"chainKey":{"counter":-1,"key":"izrkGeJSzno5j/vFxbjwTw+h7+laZ2IoNL/bappwgXo="},"chainType":1,"messageKeys":{}}}}},"version":"v1"}