{"_sessions":{"Bc/odUh0EWTa3mKGGP8qHXUi4fDOQSBkdVzPxqjlzCxF":{"registrationId":614278650,"currentRatchet":{"ephemeralKeyPair":{"pubKey":"BSXTPBrAzM2b0a6efXLPvkpBJ4KlysYoBzIYVrnnpK8J","privKey":"uLqgWjM6KJTR5+d7FZubXEyJm/FDjSNYH+JrvEnKQF0="},"lastRemoteEphemeralKey":"BVCJ/UfCUgXvxoGIIUzyIikp6kF7JDqugzNkEz8x6PVU","previousCounter":0,"rootKey":"mjb8be8gZnWUi81FixcG4eViw90S3OKfQfAuaC/KVKE="},"indexInfo":{"baseKey":"Bc/odUh0EWTa3mKGGP8qHXUi4fDOQSBkdVzPxqjlzCxF","baseKeyType":2,"closed":-1,"used":1701925649349,"created":1701925649349,"remoteIdentityKey":"BXll/0gWfW2K6HqTEXlFUSPLGLeSOSplsc0XkDZ+xaBa"},"_chains":{"BVCJ/UfCUgXvxoGIIUzyIikp6kF7JDqugzNkEz8x6PVU":{"chainKey":{"counter":0,"key":"cqLju9XUaC1X4M4a9gVMgcnjbQPIzkIBKAo26aNeq9g="},"chainType":2,"messageKeys":{}},"BSXTPBrAzM2b0a6efXLPvkpBJ4KlysYoBzIYVrnnpK8J":{"chainKey":{"counter":-1,"key":"4TKwJb8+4iRJUNiOGv5hB5zfTpk3Qt4CxG0mwSa11WM="},"chainType":1,"messageKeys":{}}}}},"version":"v1"}