{"_sessions":{"BWlG2WH/+hmAc+EGen57ZHBmBPdvjTZQBasuZf4M2sRp":{"registrationId":1643126016,"currentRatchet":{"ephemeralKeyPair":{"pubKey":"BWzcQetIdtPz3oMdV5OPr8+BbrTwRTbFvnxGsvO7emE1","privKey":"OJzY29rZNZQH7Nh4CU7iIV8yoaWf04Y3Ytmj8ViwDG4="},"lastRemoteEphemeralKey":"BWNDGVrpNTjSrfa3ouLNSLkvYQFkj6gjmvnsU8i8gWxY","previousCounter":0,"rootKey":"5eGpZrXl3PaTra3yAUTNq53LQa0ShE4gDkfCXig5IKw="},"indexInfo":{"baseKey":"BWlG2WH/+hmAc+EGen57ZHBmBPdvjTZQBasuZf4M2sRp","baseKeyType":2,"closed":-1,"used":1701925641661,"created":1701925641661,"remoteIdentityKey":"BSBegczOJ5BpUCYLWnDcnJBBXFo194zBX9OlXKMCVaFP"},"_chains":{"BWNDGVrpNTjSrfa3ouLNSLkvYQFkj6gjmvnsU8i8gWxY":{"chainKey":{"counter":1,"key":"etQMqycZn58xSfF022R1OTXc+JnKu4ca9f3TeOWbuFo="},"chainType":2,"messageKeys":{}},"BWzcQetIdtPz3oMdV5OPr8+BbrTwRTbFvnxGsvO7emE1":{"chainKey":{"counter":-1,"key":"1/EW4aFRDVhGF0Ui7LB503qKZ/4Jo+sBOOhPYvpI7Jw="},"chainType":1,"messageKeys":{}}}}},"version":"v1"}