{"_sessions":{"BUiKg7WwLpWg+PqZ7a9Om9UAQscQubSu0Y8hlhbVOnUX":{"registrationId":886930465,"currentRatchet":{"ephemeralKeyPair":{"pubKey":"BWFm4wzBbYe6onHHGk16WXiNdedhWD87eG9eKZYuZl19","privKey":"qDiMDhkay2lFaEH12kJe0J4vuW1jSysjDeJzmuFu0FU="},"lastRemoteEphemeralKey":"BWElYG+i5D34cRQ5zwTlJU8Jy1h3HQOFYUmm9f50cV4m","previousCounter":0,"rootKey":"OaJCtmTjs+imMKJpXYot8Ad6nzQccm8sBgyQnxMElTQ="},"indexInfo":{"baseKey":"BUiKg7WwLpWg+PqZ7a9Om9UAQscQubSu0Y8hlhbVOnUX","baseKeyType":2,"closed":-1,"used":1701925653821,"created":1701925653821,"remoteIdentityKey":"BV+M3G32kA1NZjMAM8NuClLNCcckB5Q5RkP88VGx1SRI"},"_chains":{"BWElYG+i5D34cRQ5zwTlJU8Jy1h3HQOFYUmm9f50cV4m":{"chainKey":{"counter":2,"key":"UMqEjYNLbtdJvOjRSjnWgOveUjAke/rpbn+kRhWlsXA="},"chainType":2,"messageKeys":{}},"BWFm4wzBbYe6onHHGk16WXiNdedhWD87eG9eKZYuZl19":{"chainKey":{"counter":-1,"key":"4acwUEeRdwoqNbVp+/VjctPVuQi0LgHpVUdBXoPD82Q="},"chainType":1,"messageKeys":{}}}}},"version":"v1"}