{"_sessions":{"Bf2MOD2QyhtybCCV+On3bwFmjF7Oo6ToFHAHxFhG9M4+":{"registrationId":1552303373,"currentRatchet":{"ephemeralKeyPair":{"pubKey":"BbG1Vs+9Xneoo4dpbqqadFns+oH9nHB5TftTeaCIKwFg","privKey":"qLsPqkyKqwo0m/xXW4eUDfaR/Yr5WYOpoqQEaUIq+GE="},"lastRemoteEphemeralKey":"BVL7fpGiRKuCXmWi90R+cepLThKo2SXNTPnk6rY5cSx7","previousCounter":0,"rootKey":"QsYxIVgNr8pQ86shqMq/Il7n87S0/ndZ/f5iV5s31Rk="},"indexInfo":{"baseKey":"Bf2MOD2QyhtybCCV+On3bwFmjF7Oo6ToFHAHxFhG9M4+","baseKeyType":2,"closed":-1,"used":1701925665850,"created":1701925665850,"remoteIdentityKey":"BeRgqUhDMaPfCsgbjAwC1aRvCuHH9QEa4F/vywqysJg0"},"_chains":{"BVL7fpGiRKuCXmWi90R+cepLThKo2SXNTPnk6rY5cSx7":{"chainKey":{"counter":2,"key":"auU4HraCfiNANRtGK0p+lK3fjZgU/0GszyiCGqTCBRE="},"chainType":2,"messageKeys":{}},"BbG1Vs+9Xneoo4dpbqqadFns+oH9nHB5TftTeaCIKwFg":{"chainKey":{"counter":-1,"key":"g9+v7eizH9SdVHDomYrzAV/wdirU7gkZ943sn2QASmc="},"chainType":1,"messageKeys":{}}}}},"version":"v1"}