{"_sessions":{"BSu2B5VswXh/XLCUz7lL8dz/+inheOaWfNwdHjYtUxlZ":{"registrationId":1839999435,"currentRatchet":{"ephemeralKeyPair":{"pubKey":"BUzFQZg2ip0JboRqlWEJr8Rh9Prw9TjRXT7PjHdLX1gU","privKey":"YMMP+HfxZejGeV2QOoRnIXqb3RfuOuzdTRnjmAYl01o="},"lastRemoteEphemeralKey":"Badwn5BJkxouc+BwoQo4T8d6fb9oSMFyV7Cx5aU4Ockv","previousCounter":0,"rootKey":"6Ur5hHlBOAQbLnjCxI86lxRp1YQwcvOkW80kt/aIa2s="},"indexInfo":{"baseKey":"BSu2B5VswXh/XLCUz7lL8dz/+inheOaWfNwdHjYtUxlZ","baseKeyType":2,"closed":-1,"used":1701925683206,"created":1701925683206,"remoteIdentityKey":"BR4di03ylfullZQTxt3IAAz2jqYr/uuINKTjr/lT1uIE"},"_chains":{"Badwn5BJkxouc+BwoQo4T8d6fb9oSMFyV7Cx5aU4Ockv":{"chainKey":{"counter":0,"key":"hZL83vwosa3qR7TMortWTFygiLLPVyVvdC+qvfBJgEQ="},"chainType":2,"messageKeys":{}},"BUzFQZg2ip0JboRqlWEJr8Rh9Prw9TjRXT7PjHdLX1gU":{"chainKey":{"counter":-1,"key":"Hfnvaq85SiA6Y9Uzr0lht/AKTDiwQXW79dgqjXnBEBQ="},"chainType":1,"messageKeys":{}}}}},"version":"v1"}