{"_sessions":{"BXfWkGUlyeHBMeZ83I49T72kuKLrbG2TalL3YybYh4Ek":{"registrationId":777151984,"currentRatchet":{"ephemeralKeyPair":{"pubKey":"BVYpCyrJw6Z6oGYjUvuvnWuMoJbDpZ9S7CWl1auyYK9F","privKey":"WNAUcawMt2TEUFkcN86r/P3/OIXeHK6fhaVPIW55c0Q="},"lastRemoteEphemeralKey":"BWlffOKFbkjD/GGP6IVdQVbQfXkuLTEa0j/P4TJrXbRq","previousCounter":0,"rootKey":"lZpW4Dxx0ZfoRnf1aoc7EQHbnIjFdJYpUwCh5nbI85U="},"indexInfo":{"baseKey":"BXfWkGUlyeHBMeZ83I49T72kuKLrbG2TalL3YybYh4Ek","baseKeyType":2,"closed":-1,"used":1701925677669,"created":1701925677669,"remoteIdentityKey":"Bde0zpBLBy9R790WiMqs2IbWvvyMLVqb9WhTGZpI1BwG"},"_chains":{"BWlffOKFbkjD/GGP6IVdQVbQfXkuLTEa0j/P4TJrXbRq":{"chainKey":{"counter":0,"key":"bdXftEG1A7KI9BacA/WDzpGdlHtx5vaPZsumYjZlkLk="},"chainType":2,"messageKeys":{}},"BVYpCyrJw6Z6oGYjUvuvnWuMoJbDpZ9S7CWl1auyYK9F":{"chainKey":{"counter":-1,"key":"1vMgU1UuV5x2SLACbX4NDINHV36UjY1awDgZ0Bp3kJs="},"chainType":1,"messageKeys":{}}}}},"version":"v1"}