{"_sessions":{"BeSv26GZjhdBn0dyQXEPktT3ZmbeFhbeDGqmBSrOL8JQ":{"registrationId":1631951258,"currentRatchet":{"ephemeralKeyPair":{"pubKey":"BTEMMukglo29BA5lkZ8260E+y8g0rgg//3NSD8w08Pkd","privKey":"6IElroFOaX213cLnIvyknd6Ll3G7ngPY2r38ms3VEl0="},"lastRemoteEphemeralKey":"BWcWzAxYPEL6LZEl76TzKj5xvTaP2y4fBvkZzTNJ6qlE","previousCounter":0,"rootKey":"7DfNKCdFcAgDIGT/Zms5rKhXAxY2h1caTKT6p1hjhgk="},"indexInfo":{"baseKey":"BeSv26GZjhdBn0dyQXEPktT3ZmbeFhbeDGqmBSrOL8JQ","baseKeyType":2,"closed":-1,"used":1701925698904,"created":1701925698904,"remoteIdentityKey":"BXP1sKdCqdRimLSQRbY0Y9bA/dGvbemRNt2PtNktGv8g"},"_chains":{"BWcWzAxYPEL6LZEl76TzKj5xvTaP2y4fBvkZzTNJ6qlE":{"chainKey":{"counter":1,"key":"wCNh0JiWaovYOm15cf2XgC3DXH4DE5S8Y1047G46yn0="},"chainType":2,"messageKeys":{}},"BTEMMukglo29BA5lkZ8260E+y8g0rgg//3NSD8w08Pkd":{"chainKey":{"counter":-1,"key":"vujTPFLcAxRpKe5colAZfWpzr13EFlaRChehKsEWgkU="},"chainType":1,"messageKeys":{}}}}},"version":"v1"}