{"_sessions":{"Bf+EDTT7ziEDPagHAMSIzPhHcabbhBB3e3QBVORl6m80":{"registrationId":276788747,"currentRatchet":{"ephemeralKeyPair":{"pubKey":"BeDxmiNulck90b0HmHK/EybqNasPR9F8SKYqX0RRfhMg","privKey":"EK+ShYf2LRhoG9qmFxYu8dwvgBneOU2ZzLIxHm82jGM="},"lastRemoteEphemeralKey":"BeIFR1ZNHOWLe1FmqvoXJ26v4N+dm5/5V1NS5FsiW9BV","previousCounter":0,"rootKey":"zue7oTWWMdfwgwyfU5Tx/1ztxKUIKnMGnv6yyN9Ilvg="},"indexInfo":{"baseKey":"Bf+EDTT7ziEDPagHAMSIzPhHcabbhBB3e3QBVORl6m80","baseKeyType":2,"closed":-1,"used":1701925662449,"created":1701925662449,"remoteIdentityKey":"BeB0DMZAnN6MQ3tX7lntRgIpOjCuiVjB8ITD8EaHtn5m"},"_chains":{"BeIFR1ZNHOWLe1FmqvoXJ26v4N+dm5/5V1NS5FsiW9BV":{"chainKey":{"counter":0,"key":"oEKQdPJR5A9I5o62TYSP53i/SwON8yTFj/Bvrvz9d6w="},"chainType":2,"messageKeys":{}},"BeDxmiNulck90b0HmHK/EybqNasPR9F8SKYqX0RRfhMg":{"chainKey":{"counter":-1,"key":"NfcZKXtZxprF69beJKF6C7Hh8U8YiiEknjpZWy93+PM="},"chainType":1,"messageKeys":{}}}}},"version":"v1"}