{"_sessions":{"BTJHM/fX9w+N73GBLWSsDVEWW3mvbSgm3u1PullRf50N":{"registrationId":283532196,"currentRatchet":{"ephemeralKeyPair":{"pubKey":"BS3LF/bki/uhBAyoi6A9IySl/+68kewcShqrN5Ipvq5Q","privKey":"KNqKgnzV3Z9INCb6krDi2yyXSznUSY6ewUsczKdM/H8="},"lastRemoteEphemeralKey":"BTinaxC19M4DAIEnhHcGrWBTJw/foUMIAUQt5kcDK+xJ","previousCounter":0,"rootKey":"b+LNB1L834h+YiwGou10fWnEzIwYyy4b5YoVVLdMt1U="},"indexInfo":{"baseKey":"BTJHM/fX9w+N73GBLWSsDVEWW3mvbSgm3u1PullRf50N","baseKeyType":2,"closed":-1,"used":1701925690345,"created":1701925690345,"remoteIdentityKey":"BRGbcCjA+nOTVww48Zt1HcW/Jo9ZbAhGyM7OiVAhKG0k"},"_chains":{"BTinaxC19M4DAIEnhHcGrWBTJw/foUMIAUQt5kcDK+xJ":{"chainKey":{"counter":1,"key":"06qMMJK+QZ53xDXgQ64uuYSUyAWCYw4P59JFkcDkVF8="},"chainType":2,"messageKeys":{}},"BS3LF/bki/uhBAyoi6A9IySl/+68kewcShqrN5Ipvq5Q":{"chainKey":{"counter":-1,"key":"Eqaat4Oj6eND/cUv5nfTePUAb3s2L+LPYDCOY7yBWY4="},"chainType":1,"messageKeys":{}}}}},"version":"v1"}