{"_sessions":{"BWuEE33eMbE6hn36XPChmTgw1nF5V1794sPBLCQ/b6EV":{"registrationId":510303287,"currentRatchet":{"ephemeralKeyPair":{"pubKey":"BZe2To8mkc9cT953Qc1ux1oFtSWJ5ZLmsaqe4SSvVIUm","privKey":"6JTsaFBKwwcZsLQ9cbhAQ9Tc5k+XeRHgT4WpoR3iamk="},"lastRemoteEphemeralKey":"BVppORnj22i4cbm9P0ll6aH7gkRbpPgQWf07Fp9GtZI7","previousCounter":0,"rootKey":"PaPxT25rfPgiSyCHGCe0PoHxL35hGyIKmizfBbLR96A="},"indexInfo":{"baseKey":"BWuEE33eMbE6hn36XPChmTgw1nF5V1794sPBLCQ/b6EV","baseKeyType":2,"closed":-1,"used":1701786982342,"created":1701786982342,"remoteIdentityKey":"BV9JT+sif3QOQzbNa9O4AtjZz0oV616JKYkBnn6S3icd"},"_chains":{"BVppORnj22i4cbm9P0ll6aH7gkRbpPgQWf07Fp9GtZI7":{"chainKey":{"counter":0,"key":"0CxcQ4jLq1dvhBm0CzJg/XSlk74UVbUaIiv4zPS4oJI="},"chainType":2,"messageKeys":{}},"BZe2To8mkc9cT953Qc1ux1oFtSWJ5ZLmsaqe4SSvVIUm":{"chainKey":{"counter":-1,"key":"T3Z0+PCvH05Ae6ahwQbaxUkxppjRv53uCEhCcdWa4mA="},"chainType":1,"messageKeys":{}}}}},"version":"v1"}