{"_sessions":{"BdSn2Aj20VHXYmQ5bB+ywo/nLDcpTircrlA3z+564TIn":{"registrationId":1078828915,"currentRatchet":{"ephemeralKeyPair":{"pubKey":"BbNdGTnnJqDCIqi4UYDIfwLqihXgYfMopp4S2Bvhnlos","privKey":"4HWFB7bSCam87fS078ZV8N2N8gW0gZPc3NP5ENgNwnA="},"lastRemoteEphemeralKey":"BUdfK397GOiq1B6eGfHQL3jFKP8IfG1QEk8+Nyj6g/EQ","previousCounter":0,"rootKey":"4LHUrww5oWjeANAyo374c/QwksQ2nvrf7GXq/MhRleA="},"indexInfo":{"baseKey":"BdSn2Aj20VHXYmQ5bB+ywo/nLDcpTircrlA3z+564TIn","baseKeyType":2,"closed":-1,"used":1701925653001,"created":1701925653001,"remoteIdentityKey":"BY8ny9wrFpl0FPTOdkaQ3Sq4LdeOlj8ZA1RQ4tEGLTgg"},"_chains":{"BUdfK397GOiq1B6eGfHQL3jFKP8IfG1QEk8+Nyj6g/EQ":{"chainKey":{"counter":1,"key":"EO14KOLzGsafSKoinDzNrWkEZviUr4QSXGZp1wqRnYo="},"chainType":2,"messageKeys":{}},"BbNdGTnnJqDCIqi4UYDIfwLqihXgYfMopp4S2Bvhnlos":{"chainKey":{"counter":-1,"key":"HiT/yj83OwFSTNSBAnGSm3JglezAMP52LfV51OfZx/A="},"chainType":1,"messageKeys":{}}}}},"version":"v1"}