{"_sessions":{"Bczg5P4Ulo8z0Ib811ay+irNpQQFrTuEMLBZpqayKtwd":{"registrationId":643127243,"currentRatchet":{"ephemeralKeyPair":{"pubKey":"Bbd5vgfnqp6gAKz+ymPHqrlou8A5WlNfKTat9weDBOxO","privKey":"YAkRoEzBMzq85XIQtjbKrGH9cj+1thGDWUgphnyk3kg="},"lastRemoteEphemeralKey":"BVPdfP4KmN6TPu45l9YBdLFMOJ7nORS4M7nIyJsWERxA","previousCounter":0,"rootKey":"wr50/aHpIdjc7qjwJBZy+gZZd8Gh1OYYE7ebyg4te0g="},"indexInfo":{"baseKey":"Bczg5P4Ulo8z0Ib811ay+irNpQQFrTuEMLBZpqayKtwd","baseKeyType":2,"closed":-1,"used":1701925710539,"created":1701925710539,"remoteIdentityKey":"BaUhhl1pxLX4oADJI3T6pq5mMPdwgM9hLQhDQNfz7YY4"},"_chains":{"BVPdfP4KmN6TPu45l9YBdLFMOJ7nORS4M7nIyJsWERxA":{"chainKey":{"counter":0,"key":"bZJ1PHKw0zHu6GyhRsoQu/YJ4PcxUWOUu4wfr8vcjzA="},"chainType":2,"messageKeys":{}},"Bbd5vgfnqp6gAKz+ymPHqrlou8A5WlNfKTat9weDBOxO":{"chainKey":{"counter":-1,"key":"W3H1ovj+bU6WahXZOvRE0N/Xl8NLtWpowSUQk1QDGKY="},"chainType":1,"messageKeys":{}}}}},"version":"v1"}