{"_sessions":{"BWdprSj94R8OczSRid+g9Kq3++Y3HKpy7Ve0rv/V5QYK":{"registrationId":538370993,"currentRatchet":{"ephemeralKeyPair":{"pubKey":"BX6rMa28BDY3uTHYKdreH5qdYe+NYpn9IgsbLpBYIktr","privKey":"eCd86p1GZLziWri9Rg3vgGwhfzQOJPfqgZV5NTtyB3A="},"lastRemoteEphemeralKey":"BVUWz7jSUHtpguKw7lMCThHtDRhpOTxcr8Wne5epOt8y","previousCounter":0,"rootKey":"A+4dkNEqgEMgQIXBW4MN/Sc0XRciXeXRf38mc9rtbIc="},"indexInfo":{"baseKey":"BWdprSj94R8OczSRid+g9Kq3++Y3HKpy7Ve0rv/V5QYK","baseKeyType":2,"closed":-1,"used":1701925648820,"created":1701925648820,"remoteIdentityKey":"BZzd6sV0X8lU4FXYowmAAZSBHzOfV5/kztHsRTuvKcMd"},"_chains":{"BVUWz7jSUHtpguKw7lMCThHtDRhpOTxcr8Wne5epOt8y":{"chainKey":{"counter":1,"key":"bDwlruu2zPnyyBcdmeTtqYoyZ7aQtkFBZNuiL8QZnEU="},"chainType":2,"messageKeys":{"0":"EcRuEWJ7h8X9Lkv66fz8o48RVZBomgcI0A2rAlqvgvs="}},"BX6rMa28BDY3uTHYKdreH5qdYe+NYpn9IgsbLpBYIktr":{"chainKey":{"counter":-1,"key":"TI8axxHCEQ87Yw5FGYJiclgwW5Af1AsTmHlK2TxZvi0="},"chainType":1,"messageKeys":{}}}}},"version":"v1"}