{"_sessions":{"BThakDNctx/ZiIhK91yKPsbITnNlK01EOnpRFyLybUd9":{"registrationId":1221364017,"currentRatchet":{"ephemeralKeyPair":{"pubKey":"BQD7ciJQ+b99w3vxCyUHrzvcsUJT6G1VKvmYr6cPufty","privKey":"mKNWRbFFM9mEErwg2L3AvDVG4P/snaEEYHPF2MYYsms="},"lastRemoteEphemeralKey":"BaL3vEOiW5Su0gZgS6S+9mxgeIhrUwx198HF9uEirAAK","previousCounter":0,"rootKey":"2II7GDWu8J7UArOv5KJqQyTNzcJNd5UDrW15yApk7CY="},"indexInfo":{"baseKey":"BThakDNctx/ZiIhK91yKPsbITnNlK01EOnpRFyLybUd9","baseKeyType":2,"closed":-1,"used":1701925666034,"created":1701925666034,"remoteIdentityKey":"BW6lhiJM2P5ssot35kzFBvmVzU+60Eur0QAEZzkRuUBA"},"_chains":{"BaL3vEOiW5Su0gZgS6S+9mxgeIhrUwx198HF9uEirAAK":{"chainKey":{"counter":1,"key":"mysXxEYcsiKnR/qw2BWeWPe254OKRA8Z9hf33c4pRQ8="},"chainType":2,"messageKeys":{}},"BQD7ciJQ+b99w3vxCyUHrzvcsUJT6G1VKvmYr6cPufty":{"chainKey":{"counter":-1,"key":"b6txCRScjPTWrTiNYGcPGNMSnlK8TO84wDYqAcl3psY="},"chainType":1,"messageKeys":{}}}}},"version":"v1"}