{"_sessions":{"BQzjeyJxesZx8ZtQqz7gXDjNx+yZbKH1mpRPNpmB2fca":{"registrationId":824883732,"currentRatchet":{"ephemeralKeyPair":{"pubKey":"Be21+C0sFJ3EHE/gaNddWnS5ra/Ugl6ZzLHkPn2/8Klb","privKey":"wD5uHHkCrbk/Bs1ysoBdBOCM6aRipAnhw3cyGe7anm0="},"lastRemoteEphemeralKey":"BZK4tikXowLrXLCjhW98cVl423WbVSkydyIa6tRhsM1E","previousCounter":0,"rootKey":"uvZhz08dKfvS/rZH9yn4hqmK+gPKsuMFxrEag5hf28A="},"indexInfo":{"baseKey":"BQzjeyJxesZx8ZtQqz7gXDjNx+yZbKH1mpRPNpmB2fca","baseKeyType":2,"closed":-1,"used":1701925654514,"created":1701925654514,"remoteIdentityKey":"BSXEJy93mTlsTYEOTgZNuN/42UmxigmAnSKiuSKA18pq"},"_chains":{"BZK4tikXowLrXLCjhW98cVl423WbVSkydyIa6tRhsM1E":{"chainKey":{"counter":1,"key":"rn2PzukxYurQooNn1/lvlZLYpAScEbZ3Jpt5aPMEX7o="},"chainType":2,"messageKeys":{}},"Be21+C0sFJ3EHE/gaNddWnS5ra/Ugl6ZzLHkPn2/8Klb":{"chainKey":{"counter":-1,"key":"UJm+VSDC2vXjQLmFDQh/dl4gvwXFa0f6KkGzw/1Jf20="},"chainType":1,"messageKeys":{}}}}},"version":"v1"}