{"_sessions":{"BfKqokxnpZN96sZmokG/LAy3e9AVSltnpZ4Np2owmhJ3":{"registrationId":359815694,"currentRatchet":{"ephemeralKeyPair":{"pubKey":"BYhaQA0r67KGvLvd3lCR9yBYnh7+XWrJXi8zCbJ0p/4A","privKey":"4D3NoqFKLk2QhuDoeOuz2qqKYlRnnwLYOvtwagFLw3k="},"lastRemoteEphemeralKey":"BbGW0ybmU2U9IklF+Y7w5fsoYIG6TrTvxoFZhxAaPFE8","previousCounter":0,"rootKey":"+uUtc0SWmhPUQLchukMxnb1jUOPxfZI9uZ4mXqOtSVI="},"indexInfo":{"baseKey":"BfKqokxnpZN96sZmokG/LAy3e9AVSltnpZ4Np2owmhJ3","baseKeyType":2,"closed":-1,"used":1701925657253,"created":1701925657253,"remoteIdentityKey":"BZLx2H9ip64m/rzbQJNBSPNhA/B1N8KxcEBng5rrqjJf"},"_chains":{"BbGW0ybmU2U9IklF+Y7w5fsoYIG6TrTvxoFZhxAaPFE8":{"chainKey":{"counter":3,"key":"KT4OuRAifCv9x6s4kq6a35KafUqRQtoxeKodgh60GaM="},"chainType":2,"messageKeys":{}},"BYhaQA0r67KGvLvd3lCR9yBYnh7+XWrJXi8zCbJ0p/4A":{"chainKey":{"counter":-1,"key":"X0UD7b65ZoJ/qSS6N2Ul7qmo2s20j5XCITIok9/vqxc="},"chainType":1,"messageKeys":{}}}}},"version":"v1"}