{"_sessions":{"BXepcZMyplC+VBkSY2Mdt+qAG30hURznvZjAYMc5+/Qd":{"registrationId":896405130,"currentRatchet":{"ephemeralKeyPair":{"pubKey":"BbEr2PTzkm52oX8+hWkCzrygnH7IjFFtndj4rcxF6uh4","privKey":"0Ca16mhUzeOID16mKI1emIH9oA9uNS0JgSbRwNRvh2A="},"lastRemoteEphemeralKey":"BTm+9klFv2cPpcxwPzFCOPRQJvHcDKMP4DtleO9rH8ds","previousCounter":0,"rootKey":"S6Iv8sMR5q10PmVpVj02muxvShZuH4ncs2HoIwkrAXA="},"indexInfo":{"baseKey":"BXepcZMyplC+VBkSY2Mdt+qAG30hURznvZjAYMc5+/Qd","baseKeyType":2,"closed":-1,"used":1701785948564,"created":1701785948564,"remoteIdentityKey":"BQueYqINF0YjD0rKr7ruPapuD4e8KLmNYiYLRJ9ex289"},"_chains":{"BTm+9klFv2cPpcxwPzFCOPRQJvHcDKMP4DtleO9rH8ds":{"chainKey":{"counter":46,"key":"xn+rw5XS66IhQK4IsSSMVdVKy11I86VCSDm8r8bWynE="},"chainType":2,"messageKeys":{}},"BbEr2PTzkm52oX8+hWkCzrygnH7IjFFtndj4rcxF6uh4":{"chainKey":{"counter":-1,"key":"kWfQyOB3xlIizBqbtCbx3w8jOmzu13NGVa1xbwmZoIA="},"chainType":1,"messageKeys":{}}}}},"version":"v1"}