{"_sessions":{"BW8gCx/T+LMX5DSKnTT/O4anfVVo9fdLVRDsdsScXzdV":{"registrationId":826156046,"currentRatchet":{"ephemeralKeyPair":{"pubKey":"BYtthz+NnEKF20Si/mUS7viiInrc+1NunO6Nk17mLYkd","privKey":"yMQXwOB5jlmrVHf/ASC4dONRIXJotMNUpnbtwOyPwXw="},"lastRemoteEphemeralKey":"BQ5n67Xir2+S0B/DIw8XLy3rC6ishCpObjgfAYn+tiFw","previousCounter":0,"rootKey":"KbwGRV0xZObw+tzq6fK8UnaSJqmDh6N7s2GjyJJtrts="},"indexInfo":{"baseKey":"BW8gCx/T+LMX5DSKnTT/O4anfVVo9fdLVRDsdsScXzdV","baseKeyType":2,"closed":-1,"used":1701925688936,"created":1701925688936,"remoteIdentityKey":"BfcGiLUyGlXhOYLnG14gg5THQZg9EaoOsm7WtvDI3MhA"},"_chains":{"BQ5n67Xir2+S0B/DIw8XLy3rC6ishCpObjgfAYn+tiFw":{"chainKey":{"counter":0,"key":"7QWUgX5XDQcUTUC4AhHDkDL4tKC5c9JXhnBJ7MzKZkE="},"chainType":2,"messageKeys":{}},"BYtthz+NnEKF20Si/mUS7viiInrc+1NunO6Nk17mLYkd":{"chainKey":{"counter":-1,"key":"5ZmV5wKvjZ2w4XrHFJQlrRPg5fttbYAuAj+TDA0KivE="},"chainType":1,"messageKeys":{}}}}},"version":"v1"}