{"_sessions":{"BdNEkmpH97avf0JKysRpL8m7AaZKrD63d4LzxYpdh+M2":{"registrationId":1785640104,"currentRatchet":{"ephemeralKeyPair":{"pubKey":"BSu+HE6SGiodsu9MZ1nGR9UE+DvpByjKw2Cx5BmYq4RB","privKey":"yDsN/ObdzFDc2C0Jjm9wcm26BZY1YkDeP85GnXmLfEM="},"lastRemoteEphemeralKey":"BU1LKXEuEPvKpXOdkpBwViXYZmn52VJqM347gZH9OthP","previousCounter":0,"rootKey":"K2axCtld3cQUo6m5mpPNz52GpXIkWCmUUCraJMzJkEo="},"indexInfo":{"baseKey":"BdNEkmpH97avf0JKysRpL8m7AaZKrD63d4LzxYpdh+M2","baseKeyType":2,"closed":-1,"used":1701925701422,"created":1701925701422,"remoteIdentityKey":"Bf3ryMZNX1KpNTkuPDoyC32F6r8hqo5Z50hL4Qh/49wU"},"_chains":{"BU1LKXEuEPvKpXOdkpBwViXYZmn52VJqM347gZH9OthP":{"chainKey":{"counter":0,"key":"M6t09hMdAjELv1PVbXbI1wSRJkqZcd+q0F/EsKasA8w="},"chainType":2,"messageKeys":{}},"BSu+HE6SGiodsu9MZ1nGR9UE+DvpByjKw2Cx5BmYq4RB":{"chainKey":{"counter":-1,"key":"Z/PBe/EgMzQAykwW1AbNC3c843MG3skLTpq95mgGHA8="},"chainType":1,"messageKeys":{}}}}},"version":"v1"}