{"_sessions":{"BXCnZOIlokrDujueJoMgrxh3IeTGTQ9y1iWjXahMhYBV":{"registrationId":1260792445,"currentRatchet":{"ephemeralKeyPair":{"pubKey":"BVuOTwegrCr74yUIF5qW0DrBGiOgPbWEjmoJFsdmFxFN","privKey":"EFDJsU1LCA7PUDianKX1HomYfxAIZX9Xav1RoflREnA="},"lastRemoteEphemeralKey":"BfjgWR6HafqJrpHlW7HSH371RjAixo22HxBkfqYwOWpY","previousCounter":0,"rootKey":"L2Pnar9B6CYN8NHhtdMdYPtTcxWKZyyxfI6aL6zOstw="},"indexInfo":{"baseKey":"BXCnZOIlokrDujueJoMgrxh3IeTGTQ9y1iWjXahMhYBV","baseKeyType":2,"closed":-1,"used":1701925641739,"created":1701925641739,"remoteIdentityKey":"BUISIqJlJowhp6GNa412Iu6/Ah+9PusJ+y/xRRnqg74u"},"_chains":{"BfjgWR6HafqJrpHlW7HSH371RjAixo22HxBkfqYwOWpY":{"chainKey":{"counter":0,"key":"hhgOZRstiCgGeaMu2a3wXT3CTia4z9tIKePCUf/QJEI="},"chainType":2,"messageKeys":{}},"BVuOTwegrCr74yUIF5qW0DrBGiOgPbWEjmoJFsdmFxFN":{"chainKey":{"counter":-1,"key":"hN2S/tN6fWCdx/Cy7I4Z49Z9Cd/qItLSoFUuX1D2BZM="},"chainType":1,"messageKeys":{}}}}},"version":"v1"}