{"_sessions":{"BQN71Y7nakOxi32LpVPTU2THggr2Z83Z9f6FbtRC56w8":{"registrationId":999515157,"currentRatchet":{"ephemeralKeyPair":{"pubKey":"BbUtB+70mPOZToH4Ri5dPbR6dcb+Q6D4i7ZYMPSW4YlF","privKey":"WFMosO2VNiDe4UvuAINOg+6iN/tBO20+aFSJLiLg5nc="},"lastRemoteEphemeralKey":"BQbVhMMAacLV0ddnSXIe9VbcFigSN/+oZm6zPTWl7yIB","previousCounter":0,"rootKey":"E7AW6Hr1POU/dtDxClTRIqernTcK2FmjIWMHKbZ70tc="},"indexInfo":{"baseKey":"BQN71Y7nakOxi32LpVPTU2THggr2Z83Z9f6FbtRC56w8","baseKeyType":2,"closed":-1,"used":1701925654492,"created":1701925654492,"remoteIdentityKey":"BSG4gor0p9ILVm5On7niw+j4VxU6Wdz6gs4Ux3ZlVOFO"},"_chains":{"BQbVhMMAacLV0ddnSXIe9VbcFigSN/+oZm6zPTWl7yIB":{"chainKey":{"counter":3,"key":"y2l1FWjClVjFkwBDxMC9qoBw+//2v3F8wwCEc0GEWfA="},"chainType":2,"messageKeys":{"0":"AV5CHt989VuiEeB/AFp305SIEEke15cB8l/klt50vu4="}},"BbUtB+70mPOZToH4Ri5dPbR6dcb+Q6D4i7ZYMPSW4YlF":{"chainKey":{"counter":-1,"key":"41/Wr8cGdGp8JBJ9JADPVhQQplWvX2aXi/r1kIwxgJA="},"chainType":1,"messageKeys":{}}}}},"version":"v1"}