{"_sessions":{"Be9LLTpk8A5L5IdwAa1sUTxm1IMw4GOv+3wBSlE3dMg3":{"registrationId":1050224773,"currentRatchet":{"ephemeralKeyPair":{"pubKey":"BRmi9upb6bFhSmuyMfonKVq5IRpani9l9ZXMr0wDAZc+","privKey":"oK2A91LwzhX8VoM/tMlit3WfTJTe6+JT7OHcxV3/u24="},"lastRemoteEphemeralKey":"BdTp4LFM5t4VO5TboUgzmqSJfy8VkU4FSJtg5ovf6IxD","previousCounter":0,"rootKey":"/ZJIYAmuSQeujV166Z1hXRZo1ky6LGKM4hXa4uwuttk="},"indexInfo":{"baseKey":"Be9LLTpk8A5L5IdwAa1sUTxm1IMw4GOv+3wBSlE3dMg3","baseKeyType":2,"closed":-1,"used":1701925653829,"created":1701925653829,"remoteIdentityKey":"BS/571+sWvNwhggn65C6G0XyrliLll/iwJeLck8IV0E+"},"_chains":{"BdTp4LFM5t4VO5TboUgzmqSJfy8VkU4FSJtg5ovf6IxD":{"chainKey":{"counter":0,"key":"OCwZDhoDhr94GLx0Wfad6/6Qgo5vZRipbw5Wj2ltEZI="},"chainType":2,"messageKeys":{}},"BRmi9upb6bFhSmuyMfonKVq5IRpani9l9ZXMr0wDAZc+":{"chainKey":{"counter":-1,"key":"e10VnXK0d5aa+U87jHNfTcZ/XjbaFxWvoPaJGYF/w2U="},"chainType":1,"messageKeys":{}}}}},"version":"v1"}