{"_sessions":{"BWchqKRcoU1lKDKDeHxFMbh0EMs561paAixQ3qc9D3A9":{"registrationId":352541634,"currentRatchet":{"ephemeralKeyPair":{"pubKey":"BeM7NNPfNJeQ6iJQAVSuMBV6k1sOezL9y4Ymg6X4VfkX","privKey":"OP1WfrI0pkLSEQ63jSd7LvRn4F1Z//pPOe2/0L0PVXg="},"lastRemoteEphemeralKey":"BQyRZogOeiOj/jg/T/Mi+yX2mAMQ0viIZNbHZ2DnGc42","previousCounter":0,"rootKey":"V5jalrRCboNY1IeeT2dVSTrT5cJ3Oazl6wFYwezw3zc="},"indexInfo":{"baseKey":"BWchqKRcoU1lKDKDeHxFMbh0EMs561paAixQ3qc9D3A9","baseKeyType":2,"closed":-1,"used":1701925643640,"created":1701925643640,"remoteIdentityKey":"BYNP0TFN4dHwo9dd8VwasiAmhUcS2H36x1JUlzHLCbgB"},"_chains":{"BQyRZogOeiOj/jg/T/Mi+yX2mAMQ0viIZNbHZ2DnGc42":{"chainKey":{"counter":0,"key":"Oj2jyM1JRr9CrbbdMyojXDUr3zq6OnWiFvER3iBxorY="},"chainType":2,"messageKeys":{}},"BeM7NNPfNJeQ6iJQAVSuMBV6k1sOezL9y4Ymg6X4VfkX":{"chainKey":{"counter":-1,"key":"rAQQq/OGgWBPftVp69tscnGCmOM0qlDQ6IZH1FnKCkk="},"chainType":1,"messageKeys":{}}}}},"version":"v1"}