{"_sessions":{"BeIdxi3F5EZDjmHRRSJKPjlmfJ6URx5veknEStqFbtEw":{"registrationId":1892,"currentRatchet":{"ephemeralKeyPair":{"pubKey":"BS8/V8SuRuRWk/8KmbzBrqV4WFFqGuyByuX/rMSo4kIz","privKey":"sFnrTIj4beK28/GZe9+6bxXg3G37oHgyqPBc5q55/nE="},"lastRemoteEphemeralKey":"BQBOAj/VexzMRT7iFiKfOi9EnaqsuN9rgxjXHEoQG7Zb","previousCounter":0,"rootKey":"lCU3l5qN8lZAOj/qXMUd+1SXRZi+t2aIKSf1RuzRl9U="},"indexInfo":{"baseKey":"BeIdxi3F5EZDjmHRRSJKPjlmfJ6URx5veknEStqFbtEw","baseKeyType":2,"closed":-1,"used":1701927407273,"created":1701927407273,"remoteIdentityKey":"BarbMnOeABHofo663I9w5F8VaX7r5ThXv2RrPVvuy+US"},"_chains":{"BQBOAj/VexzMRT7iFiKfOi9EnaqsuN9rgxjXHEoQG7Zb":{"chainKey":{"counter":0,"key":"g5VcXIUnuVxVnIu88Sxw0KlW3D+7Xh+cELyW/mP1Q2k="},"chainType":2,"messageKeys":{}},"BS8/V8SuRuRWk/8KmbzBrqV4WFFqGuyByuX/rMSo4kIz":{"chainKey":{"counter":-1,"key":"T6nrD4Cv4n4JrYkCzP5giN3tF2QvQ0IEDRc0UspHGAU="},"chainType":1,"messageKeys":{}}}}},"version":"v1"}