{"_sessions":{"BY9KL6Q+4IsQSuZYzDMDG9puLQaVrZn0YESs3VajBeYZ":{"registrationId":1286708656,"currentRatchet":{"ephemeralKeyPair":{"pubKey":"BQ2c/3oR5xUTDHDlqK6aoJvasFOAUM1EEPXyJfMYuap+","privKey":"mFx3GJEoNCLQvjNBzHPwQIiJvnUjHyIXrTlgBm8I238="},"lastRemoteEphemeralKey":"BYtpZYwxA0DEHrin8GkygTDMaxZc77TC7gX+2JtaV2Ni","previousCounter":0,"rootKey":"cjqo9UWK633IBdLRIQ2NjpT/N6dwgCv91yno997kZGA="},"indexInfo":{"baseKey":"BY9KL6Q+4IsQSuZYzDMDG9puLQaVrZn0YESs3VajBeYZ","baseKeyType":2,"closed":-1,"used":1701925641708,"created":1701925641708,"remoteIdentityKey":"BbRx7071lruvilD60Qz+KI3fI4LeK57UwnrckONKBQNp"},"_chains":{"BYtpZYwxA0DEHrin8GkygTDMaxZc77TC7gX+2JtaV2Ni":{"chainKey":{"counter":1,"key":"XC7IJlPI9p7KU/76PMWcPG3w0BG0yCk9uvZupdygyMI="},"chainType":2,"messageKeys":{}},"BQ2c/3oR5xUTDHDlqK6aoJvasFOAUM1EEPXyJfMYuap+":{"chainKey":{"counter":-1,"key":"oYRACzw5vS2gEt017wV9/YwGqB/VhIeipskpRsP9zDo="},"chainType":1,"messageKeys":{}}}}},"version":"v1"}