{"_sessions":{"BZA/Zy7vy+nESeLAUCqlujxK1XT2/fB+H459Y2VmOfZ7":{"registrationId":215019052,"currentRatchet":{"ephemeralKeyPair":{"pubKey":"BRmxl7Zj3ChniuXZEdI3SbuD18OvX5P2/PBHg++QrAVa","privKey":"oPJ3rL5YDUrPlg/kWf0wYbG9kU7rwuGMrmBbwVnCgn4="},"lastRemoteEphemeralKey":"BciLP6H2DDxim1enbyBaMOWJzr248zAYgCqK3XJleSJc","previousCounter":0,"rootKey":"cgMzKnlqt/W29e+DyRBQxHElFfQt1DehXxjp4NEbLBw="},"indexInfo":{"baseKey":"BZA/Zy7vy+nESeLAUCqlujxK1XT2/fB+H459Y2VmOfZ7","baseKeyType":2,"closed":-1,"used":1701925645985,"created":1701925645985,"remoteIdentityKey":"BQqh5vgjgdsApi/bg6DgfMMgFHtof3IsYuBV/oCWvOtX"},"_chains":{"BciLP6H2DDxim1enbyBaMOWJzr248zAYgCqK3XJleSJc":{"chainKey":{"counter":4,"key":"vYTgeuarO5SPRE5zGuQZKFkDNdDK+LQnPJEToMTh2a4="},"chainType":2,"messageKeys":{}},"BRmxl7Zj3ChniuXZEdI3SbuD18OvX5P2/PBHg++QrAVa":{"chainKey":{"counter":-1,"key":"Xx143+ax+Vhn7xwGvyyYcyJ5g7U4iDh5JdQfBj985wQ="},"chainType":1,"messageKeys":{}}}}},"version":"v1"}