{"_sessions":{"BZkEqCpF20+HcnNY1KSDxXchQhnWX88UnU0a4rJ0dSJh":{"registrationId":2078415039,"currentRatchet":{"ephemeralKeyPair":{"pubKey":"BTSIjekG7su398hrkfLbHgnryDFsgeFRIViDw1MkLF0Z","privKey":"4NhUH/niFuVBP+EXGcKwLUz0Zx82ygEajwqr8xyNtGo="},"lastRemoteEphemeralKey":"BZeT1CUSydkvpOaheeERaN7ebfz+ylwesEGyXmzJRKtV","previousCounter":0,"rootKey":"UjPI7jUQo77KQeMrQRPoxH4qz16FRXJdf4qfVzLY240="},"indexInfo":{"baseKey":"BZkEqCpF20+HcnNY1KSDxXchQhnWX88UnU0a4rJ0dSJh","baseKeyType":2,"closed":-1,"used":1701925659668,"created":1701925659668,"remoteIdentityKey":"BYZU5Fxq5xUcnXhEF9YJlB1yqRm6npaELSCUH6TM8JVA"},"_chains":{"BZeT1CUSydkvpOaheeERaN7ebfz+ylwesEGyXmzJRKtV":{"chainKey":{"counter":0,"key":"mtYkCPaZ6MKd2pS/VE0WUAnxFhT8FSS9EUOlEqSSKMQ="},"chainType":2,"messageKeys":{}},"BTSIjekG7su398hrkfLbHgnryDFsgeFRIViDw1MkLF0Z":{"chainKey":{"counter":-1,"key":"2RY5cIq3URTD9oY0dLx6MBcp0JmCyeW/JWx/NJ/1epc="},"chainType":1,"messageKeys":{}}}}},"version":"v1"}