{"_sessions":{"BYW/44fBk2u/gQAu/tZl0ZH5diqgiwm9ykCe7PtxbvYZ":{"registrationId":1433611006,"currentRatchet":{"ephemeralKeyPair":{"pubKey":"Bb4SJxLsUBsz4U2mGTB43QuIaxssfUmmCiyNyMzs8kor","privKey":"mG71wwlpO2ab98bPsFiX2Quwi5RhCuNEplW1PUxDZl0="},"lastRemoteEphemeralKey":"BW0VuLmlV25FOp+T5blQ0CXIDDsiBey+I71PpYpDsdJH","previousCounter":1,"rootKey":"wyd70Cr+R7A0liMTN1skMp1TzpIrLguI4o/vDauP2/g="},"indexInfo":{"baseKey":"BYW/44fBk2u/gQAu/tZl0ZH5diqgiwm9ykCe7PtxbvYZ","baseKeyType":2,"closed":-1,"used":1701926682128,"created":1701786500761,"remoteIdentityKey":"BaO4gTWYV/kV6iKEdE5OWuTthyeX7nxLAJZXGv1JK8Rp"},"_chains":{"BZJa6g061QsSaq9fbKPQtZxmHCahj7ZZc3rhKIoPZSAV":{"chainKey":{"counter":0},"chainType":2,"messageKeys":{}},"BfeBqMU7P0bundYVSBwqz5WDgQ+e/elLw7iD47UTnRJE":{"chainKey":{"counter":0},"chainType":2,"messageKeys":{}},"BUOkCrG6grxqZYRFRukxV6poAPb0rD1lm3863MVgGFEB":{"chainKey":{"counter":0},"chainType":2,"messageKeys":{}},"BdVxITrdKs9IVFJz/HboNZ6BYNB8p4eFVGnZPD3yI3A1":{"chainKey":{"counter":0},"chainType":2,"messageKeys":{}},"BaRD+Vz1/Gt3gTvlhjtiHptZo7SdKiUf+b1339WX8Vk1":{"chainKey":{"counter":0},"chainType":2,"messageKeys":{}},"BdSCY8wmEJtzRwXtEjs3CcZt20cNlLXdS6PiVQ9xUxtq":{"chainKey":{"counter":0},"chainType":2,"messageKeys":{}},"BT/UlIxSH/W9Ko3D8YHsx0oI6TzUxLda8n7AirOTi5J7":{"chainKey":{"counter":0},"chainType":2,"messageKeys":{}},"BekI+f4c9fWl6HMeiD5fxvpBHrx2ZOlmqMH7pT5rWmQy":{"chainKey":{"counter":0},"chainType":2,"messageKeys":{}},"BVff03hu4Jp+s4cAv1K7hPj06uddSgddz7ZJiRwB4FlB":{"chainKey":{"counter":0},"chainType":2,"messageKeys":{}},"BVFoOd/gcCtreovnQxWoFn30d/lIqIMTFos2QvPPQPxg":{"chainKey":{"counter":0},"chainType":2,"messageKeys":{}},"BW0VuLmlV25FOp+T5blQ0CXIDDsiBey+I71PpYpDsdJH":{"chainKey":{"counter":0,"key":"I90JJ0wBrcZo2KI6pA9BHYgwSZoe8mTEY/57Qj9z3rY="},"chainType":2,"messageKeys":{}},"Bb4SJxLsUBsz4U2mGTB43QuIaxssfUmmCiyNyMzs8kor":{"chainKey":{"counter":0,"key":"6EzH+BZO1YNgZN6MyDrBkJ85v4xl3UpEv2sy58dmOBw="},"chainType":1,"messageKeys":{}}}}},"version":"v1"}