{"_sessions":{"BYrWjucCfVonOq4jurMXCOhcjWNNSRPFH/DptBHgY0di":{"registrationId":1361434589,"currentRatchet":{"ephemeralKeyPair":{"pubKey":"BTNYtynFej7A30cyqcZbrsA0t/AEx5AdL1fdpbVnDtUc","privKey":"4DQ0M5/O+j6gXXj5d83Xr49dTdcVtjSa0Dx1NfKCslk="},"lastRemoteEphemeralKey":"BayD5L4lNmT3IMeJ/nW+Z5G4sZnBsCkKg0MMYSZ3PdYl","previousCounter":0,"rootKey":"bWcHsKyeUMefkEKKvSU3XbbA0CGJJhsNLm4DMsvS+1Q="},"indexInfo":{"baseKey":"BYrWjucCfVonOq4jurMXCOhcjWNNSRPFH/DptBHgY0di","baseKeyType":2,"closed":-1,"used":1701925650912,"created":1701925650912,"remoteIdentityKey":"Bf/bAo5SLpjJVJWVSR5PNgSj3zZ3kvdaw4mNBN3SkNMg"},"_chains":{"BayD5L4lNmT3IMeJ/nW+Z5G4sZnBsCkKg0MMYSZ3PdYl":{"chainKey":{"counter":3,"key":"DYIRBWgNjM6aQHbzUvor0oagtj/DLV3NqITO/Qlu3mA="},"chainType":2,"messageKeys":{"0":"SQtm5w+818y7FtvxTWQBxw69psPQeGcwCkCMmyw0DsM="}},"BTNYtynFej7A30cyqcZbrsA0t/AEx5AdL1fdpbVnDtUc":{"chainKey":{"counter":-1,"key":"+wNqXEdQBm14/uFOPsRF2Qu+J3FKuIYby1US9c3AT0U="},"chainType":1,"messageKeys":{}}}}},"version":"v1"}