{"_sessions":{"Bctzk3xeS8Jvmi0QPyloaxN3ClQuO51K2fGqEbbrc4ZT":{"registrationId":904427401,"currentRatchet":{"ephemeralKeyPair":{"pubKey":"BUJelfy2qOFHLLvr90xkfY3zjJTj+7bZ5nm51lm/9zpA","privKey":"AIHlfJf7SM5rABFAh4F8ZADCIn3k1FOF4C27JZGqKVM="},"lastRemoteEphemeralKey":"BaY/i2sIlhAyR2a0DI2mZ+KGFc7zXLlJhW1c/lCYBPIK","previousCounter":0,"rootKey":"sC11QI216mjytYmQV8zd7ced/Ea1p9bVAb16yffNBJY="},"indexInfo":{"baseKey":"Bctzk3xeS8Jvmi0QPyloaxN3ClQuO51K2fGqEbbrc4ZT","baseKeyType":2,"closed":-1,"used":1701925649058,"created":1701925649058,"remoteIdentityKey":"Bf9gUaSKwxV9/YzMgrY7EeQm/oqrvQNgY35a68juD3cV"},"_chains":{"BaY/i2sIlhAyR2a0DI2mZ+KGFc7zXLlJhW1c/lCYBPIK":{"chainKey":{"counter":5,"key":"E2xJ0mCnMCF8O1j2PQGDWtZ8+0d/WYulXFb/ZlNjbeA="},"chainType":2,"messageKeys":{"0":"kg1qhGsMAGhy1IkFuljM5NtC9fcT6c322wP/xByZVqM=","1":"cJA65A1IY9W5Z2jaGaQ9zRZpHH2FmQHdpuO0yqHqguE="}},"BUJelfy2qOFHLLvr90xkfY3zjJTj+7bZ5nm51lm/9zpA":{"chainKey":{"counter":-1,"key":"hWZd4jbwIyD/Uilly9fIKws+IynPNsMLjVBtGubM4jI="},"chainType":1,"messageKeys":{}}}}},"version":"v1"}