{"_sessions":{"BaUPm1uGp2V+zmeKWM0TRDRlHaldnDMM0NnHi99H7Upm":{"registrationId":679265081,"currentRatchet":{"ephemeralKeyPair":{"pubKey":"BSA9VmHen5eTkjULdR8nhvGD83SttPgabG+tWGIw+kop","privKey":"KKKU8urgxbVYZiLw7nZLtMm5upSdvS2tPHFBaR8pm2o="},"lastRemoteEphemeralKey":"BQKXgVEU0DMvGsN21HcefczoWzP39crJ05LU73kYnPVs","previousCounter":0,"rootKey":"W+dJgRTN3kQrA1OefqMDzAPMcEOYgsm9ldHpbgGNA1Y="},"indexInfo":{"baseKey":"BaUPm1uGp2V+zmeKWM0TRDRlHaldnDMM0NnHi99H7Upm","baseKeyType":2,"closed":-1,"used":1701926256214,"created":1701926256214,"remoteIdentityKey":"BQ36SZutX6ihtnf09qxjCPdNQRjzOPQRqqAUTVUB2uYS"},"_chains":{"BQKXgVEU0DMvGsN21HcefczoWzP39crJ05LU73kYnPVs":{"chainKey":{"counter":0,"key":"vOjkyXw1CsT7td0roevpEt0ZLru9Zre/QE6oShHyTAU="},"chainType":2,"messageKeys":{}},"BSA9VmHen5eTkjULdR8nhvGD83SttPgabG+tWGIw+kop":{"chainKey":{"counter":-1,"key":"m06ED8gUtF3o+K3OQTE+EM/Ydy1fL7vHURS5rzE9PaM="},"chainType":1,"messageKeys":{}}}}},"version":"v1"}