{"_sessions":{"BfIMcPp/Zm0+Bys7Q3JVSsfC30oKBzvGcVtbKcUlCFtE":{"registrationId":694447916,"currentRatchet":{"ephemeralKeyPair":{"pubKey":"BTgpTtXXmZYibESoU1/Z6UgeAFOUNy1rI/ZcwsELlJdQ","privKey":"eHMpT/h6N5kCu7EqYFUvZiEQCzXsXSmLSpbHhkCzE1w="},"lastRemoteEphemeralKey":"BeYoWYpQ/pGkIF0G9KOXExV4kTSqJwQqLcHWM+1qnk59","previousCounter":0,"rootKey":"Q1+C6RdpG3Coety/9p6xaEL4vUbyfhXJmrqe2FQbvg8="},"indexInfo":{"baseKey":"BfIMcPp/Zm0+Bys7Q3JVSsfC30oKBzvGcVtbKcUlCFtE","baseKeyType":2,"closed":-1,"used":1701925651565,"created":1701925651565,"remoteIdentityKey":"BQ5Ulup20/O3oKs/oBwa0bS+quvnivxAbek8fYdcWAVz"},"_chains":{"BeYoWYpQ/pGkIF0G9KOXExV4kTSqJwQqLcHWM+1qnk59":{"chainKey":{"counter":7,"key":"eHmQ/v7NU4k5OLxPvbyyZ2hfeM/ulhQP9iZSTJ0vAn4="},"chainType":2,"messageKeys":{}},"BTgpTtXXmZYibESoU1/Z6UgeAFOUNy1rI/ZcwsELlJdQ":{"chainKey":{"counter":-1,"key":"nPNXygbNhY9becKNvtxMlS3DydN+fAlfxmmUEcfu2vQ="},"chainType":1,"messageKeys":{}}}}},"version":"v1"}