{"_sessions":{"BaGLGlv4OBBrt/RXc6qrcsKinTS1SLCBSIG4BDgeJZYM":{"registrationId":2122953588,"currentRatchet":{"ephemeralKeyPair":{"pubKey":"BVa9+T47QAbNzXVWpDH/eDlKAPIKVuC1OlsxKDiOz4Au","privKey":"SArV7tq2NnRxntGDJg2xJtLoLGEsNV98F6C0sGC6PF8="},"lastRemoteEphemeralKey":"BYDGjnkLm5R/sGqHrOeMAQqpk5zAYFroFHIy6JDFfRgc","previousCounter":0,"rootKey":"QFTsRH0dgQF4MwrP7p+rGDhrjFIGsIueTajwjqMR4Nw="},"indexInfo":{"baseKey":"BaGLGlv4OBBrt/RXc6qrcsKinTS1SLCBSIG4BDgeJZYM","baseKeyType":2,"closed":-1,"used":1701925640918,"created":1701925640918,"remoteIdentityKey":"Bdr9+Dcc+R4aiS8khlAusE7fXlR8dLSHRN5+9IIiTe06"},"_chains":{"BYDGjnkLm5R/sGqHrOeMAQqpk5zAYFroFHIy6JDFfRgc":{"chainKey":{"counter":0,"key":"ZLGZO6D/wlNsxoXC1CUPYnngkiuo2y5/reBA+inbaZA="},"chainType":2,"messageKeys":{}},"BVa9+T47QAbNzXVWpDH/eDlKAPIKVuC1OlsxKDiOz4Au":{"chainKey":{"counter":-1,"key":"16ZHaFpU15Qy3ZwYgvkVLJ4TiOjwxwmRvYMUL0+hdNo="},"chainType":1,"messageKeys":{}}}}},"version":"v1"}