{"_sessions":{"BRpb7ZsnTE8ERX4elcK0yXq27a7B20kZjDM1h5/cnnpW":{"registrationId":1090465912,"currentRatchet":{"ephemeralKeyPair":{"pubKey":"BTmVebZJnLSd/YVWVWLfoHOVp6ndbRyY4GE2G6XZdcI5","privKey":"sD9AVzr1qo2bqG0T5irkcI+cbvhtXg60aOfWIAov2VA="},"lastRemoteEphemeralKey":"BdKp9YOfdMlD86ipkImAmtSym5xdgN+Sh6uRLC1mdqAX","previousCounter":0,"rootKey":"OAFusW0j1Eq5guCf01Chw523jDe53aOYAs1zSTOAgWQ="},"indexInfo":{"baseKey":"BRpb7ZsnTE8ERX4elcK0yXq27a7B20kZjDM1h5/cnnpW","baseKeyType":2,"closed":-1,"used":1701925656866,"created":1701925656866,"remoteIdentityKey":"BXJFDuJsbaFd8kkiThJSkA0Sg8mk8Z782MDvbmyenlce"},"_chains":{"BdKp9YOfdMlD86ipkImAmtSym5xdgN+Sh6uRLC1mdqAX":{"chainKey":{"counter":0,"key":"yHr8+Xot3a3mQz7iJ5QGslp5tmu9AGHap2N37q2Xa34="},"chainType":2,"messageKeys":{}},"BTmVebZJnLSd/YVWVWLfoHOVp6ndbRyY4GE2G6XZdcI5":{"chainKey":{"counter":-1,"key":"rEwREfOMjRkRQ9uIaXsHibPz5I83LhmUNx3uB713xuM="},"chainType":1,"messageKeys":{}}}}},"version":"v1"}