{"_sessions":{"Bfi4OINC540ohbaGWAXxR4OldiLUZvRhce8cuyc1cFxv":{"registrationId":881095789,"currentRatchet":{"ephemeralKeyPair":{"pubKey":"BRei+JmEzdEInINxFNycRkWRH/b0A/fn5wwiYupNHxU/","privKey":"mNnjysXrBCV30KIBKO+A33jg1WbaVzVrM2qIKcc6AE0="},"lastRemoteEphemeralKey":"BawoaqceGj3/UetO9HKO4HwUKpyZfx+AOD+dYAWj/xcI","previousCounter":0,"rootKey":"UmRTfwppswrzNYoiUkFRPFjXdmT067I3PGNPOGcQk94="},"indexInfo":{"baseKey":"Bfi4OINC540ohbaGWAXxR4OldiLUZvRhce8cuyc1cFxv","baseKeyType":2,"closed":-1,"used":1701925654713,"created":1701925654713,"remoteIdentityKey":"BV7RAg/KGOQYDsRueuTR4qF8QRHNap7f0L7/Rg9weKxX"},"_chains":{"BawoaqceGj3/UetO9HKO4HwUKpyZfx+AOD+dYAWj/xcI":{"chainKey":{"counter":2,"key":"myyFMteJrPx28tmqr7J0vbApojnEBeW2kM2AL7uTL6I="},"chainType":2,"messageKeys":{}},"BRei+JmEzdEInINxFNycRkWRH/b0A/fn5wwiYupNHxU/":{"chainKey":{"counter":-1,"key":"iWDYou4GJJjc0uOV3GgchZbEX2cnC26W2wqGMsBfvSI="},"chainType":1,"messageKeys":{}}}}},"version":"v1"}