{"_sessions":{"Bcuyh7rru4EvvCkWcEJG3UORfJW0r/ZlG03oO1NeBSgq":{"registrationId":1876812931,"currentRatchet":{"ephemeralKeyPair":{"pubKey":"BbZgVYm/UiGateKEoUPz1D7k5DlGvMsZv7jg4Jb63/83","privKey":"yPYh+XB4o1z+M/4dIFukeEct8X6LcdA1KTdJxEcxB1A="},"lastRemoteEphemeralKey":"BUsXD4CF/f0Hhky9Uws+HyF7ubAAPwxCePwy+RbcDMB1","previousCounter":0,"rootKey":"+s6akuPdtomsJ7G+BXX8h2PboEOzDM6BV4Oul8W1NNY="},"indexInfo":{"baseKey":"Bcuyh7rru4EvvCkWcEJG3UORfJW0r/ZlG03oO1NeBSgq","baseKeyType":2,"closed":-1,"used":1701925658215,"created":1701925658215,"remoteIdentityKey":"BU5PYNif0qRV9bwfm7jR7HNA3zRK/tM8F1m0Dw8jNSML"},"_chains":{"BUsXD4CF/f0Hhky9Uws+HyF7ubAAPwxCePwy+RbcDMB1":{"chainKey":{"counter":1,"key":"Q2RjVzuz2xjLX51+V8wZw5hb14MflssFrSrtkehSR5o="},"chainType":2,"messageKeys":{}},"BbZgVYm/UiGateKEoUPz1D7k5DlGvMsZv7jg4Jb63/83":{"chainKey":{"counter":-1,"key":"p0AqG2a/+aRRqqpCUixjw6TAMs9kmZxhpqlidYBTn/M="},"chainType":1,"messageKeys":{}}}}},"version":"v1"}