{"_sessions":{"BfKhVfPj4epDsU5vfQMrNLuWakDxkLVWNzN7ZWar/dIM":{"registrationId":1784956507,"currentRatchet":{"ephemeralKeyPair":{"pubKey":"BefBuXAfRgkWfH2tSRCnJEHGagyeSXr2IDCgi7MY7GVJ","privKey":"eM3TYcjw8Ybf8jyypB1cosq14/88yiEF8vlegVKBJVQ="},"lastRemoteEphemeralKey":"BWlcjUsiM8kqh+Ko2Z297iJFCE6WYse9Bq3ZssVpXsxZ","previousCounter":0,"rootKey":"w8B7KAlj8vgJo89OBQie6iKy+ItDC5YbEO8VOIc3zjY="},"indexInfo":{"baseKey":"BfKhVfPj4epDsU5vfQMrNLuWakDxkLVWNzN7ZWar/dIM","baseKeyType":2,"closed":-1,"used":1701925655145,"created":1701925655145,"remoteIdentityKey":"BVn32nKYd1iLTDKMfd5JB9lqReLWX3dqAdQjr3SodYIv"},"_chains":{"BWlcjUsiM8kqh+Ko2Z297iJFCE6WYse9Bq3ZssVpXsxZ":{"chainKey":{"counter":0,"key":"7LJvOE+jTOJyl15UrtvQGNIBTQMEhuqwXMbl1OWtgc4="},"chainType":2,"messageKeys":{}},"BefBuXAfRgkWfH2tSRCnJEHGagyeSXr2IDCgi7MY7GVJ":{"chainKey":{"counter":-1,"key":"9xJTcgJ6hMI772gh41IE5oV133Cvj0nTwQf89YiHnYc="},"chainType":1,"messageKeys":{}}}}},"version":"v1"}