{"_sessions":{"BQZ/LA+g3boKXojOqhCWWmrZknKPGT8pyU3jCy2p1sMe":{"registrationId":1092282811,"currentRatchet":{"ephemeralKeyPair":{"pubKey":"BfCyEzZY315IBBh2BHwwIt0Iwdz1U+e2LvolhlJ2bR4o","privKey":"SAum5SiJisdFTJtMlsIgqr9IPc+3+6L4Oj8pzD4tUl4="},"lastRemoteEphemeralKey":"BWRrASFc3q2NMX732etrnD7RWkBfMznPb4moT4NQBdFl","previousCounter":0,"rootKey":"fYWOXP4HjNC2JDjM2JoBQPthkO+PmdTo3mcTZq2Zmbw="},"indexInfo":{"baseKey":"BQZ/LA+g3boKXojOqhCWWmrZknKPGT8pyU3jCy2p1sMe","baseKeyType":2,"closed":-1,"used":1701925645966,"created":1701925645966,"remoteIdentityKey":"BTNskrEsLoZqsoQ4BGI05Rum8JN5Kmn/qbuXKaXFd6Ia"},"_chains":{"BWRrASFc3q2NMX732etrnD7RWkBfMznPb4moT4NQBdFl":{"chainKey":{"counter":3,"key":"SQo+Nv633wvt+o8T89TstvX360fKtT5hHy7PYSG01N8="},"chainType":2,"messageKeys":{}},"BfCyEzZY315IBBh2BHwwIt0Iwdz1U+e2LvolhlJ2bR4o":{"chainKey":{"counter":-1,"key":"5gw0dyLebOYVTJzwFVdrQfAusgQ0P6Xhx5u9yB57qKY="},"chainType":1,"messageKeys":{}}}}},"version":"v1"}