{"_sessions":{"BaObtmf6Cg+rnUGC4JfYuN0C49C0fCzEdVdykHtiuIxc":{"registrationId":529232343,"currentRatchet":{"ephemeralKeyPair":{"pubKey":"BdXV+fArshklTkX6imEwR0fbOtA9lJhah0N/msLQNrZV","privKey":"aKxYJtqd/xXqVfNCV+bYgY5AzZ/YTHCLpnM2kr75MUM="},"lastRemoteEphemeralKey":"BepdfP78poREX+28lLutl9jU+oquYZc5/YTjt6vLVfFn","previousCounter":0,"rootKey":"3gw2CZL316H29sO67XZE8mMxenC/PQDe8L77QRPXGu0="},"indexInfo":{"baseKey":"BaObtmf6Cg+rnUGC4JfYuN0C49C0fCzEdVdykHtiuIxc","baseKeyType":2,"closed":-1,"used":1701925649693,"created":1701925649693,"remoteIdentityKey":"BdnDuhNC2JkaRz+zPVPlmJHBzgGrroVBLDegrWnlOkMH"},"_chains":{"BepdfP78poREX+28lLutl9jU+oquYZc5/YTjt6vLVfFn":{"chainKey":{"counter":2,"key":"Xi9ENW3leu43XhphUVZdsinUEih0QMRK5wbvU/rR1xo="},"chainType":2,"messageKeys":{"0":"2Xp4rZpb75JiftXaj8IRvKuGNlBvAiMAQGR/bl1+TRU="}},"BdXV+fArshklTkX6imEwR0fbOtA9lJhah0N/msLQNrZV":{"chainKey":{"counter":-1,"key":"dghB+CoCJEAz6mVs0joUAUM3xRKxyM9fVhhFUMbl81I="},"chainType":1,"messageKeys":{}}}}},"version":"v1"}