{"_sessions":{"BQ+HIKqHKepPN13DQ5C91rTQGNccAVlnJjJmODCK461d":{"registrationId":1565332589,"currentRatchet":{"ephemeralKeyPair":{"pubKey":"BcAkCLFPN3w/5wnuU4zLEn+qZdYtwrWM5ilOSJZVuQwA","privKey":"6GLYmIvbEl49SA3N7jGu5fzjYCR0Ey4vx6ufvQUhZEE="},"lastRemoteEphemeralKey":"BW0nUcukcHaUZOOtuNdVE7/jQmJAtXIPVDG97RmTsW1X","previousCounter":0,"rootKey":"NZApG/7TPqpDyLyIPEJdUW2b4oMQ/dA99KDY4COZyA0="},"indexInfo":{"baseKey":"BQ+HIKqHKepPN13DQ5C91rTQGNccAVlnJjJmODCK461d","baseKeyType":2,"closed":-1,"used":1701925645913,"created":1701925645913,"remoteIdentityKey":"BVSWD/t+uGhAFmBt886nDNzyPrxd0welst7d0pOYz5AR"},"_chains":{"BW0nUcukcHaUZOOtuNdVE7/jQmJAtXIPVDG97RmTsW1X":{"chainKey":{"counter":0,"key":"svgpQ9pMsVlyDdCOvkxQuNWxX6/dhxQTaIvTizZhkqM="},"chainType":2,"messageKeys":{}},"BcAkCLFPN3w/5wnuU4zLEn+qZdYtwrWM5ilOSJZVuQwA":{"chainKey":{"counter":-1,"key":"vS1WQc62tGNwQXuV99q5gAo2XaKSFkXh1p2+EquNJ2Q="},"chainType":1,"messageKeys":{}}}}},"version":"v1"}