{"_sessions":{"BVg2Sqbi7PdiYPfV2asj4qJGiM+hf0xzrh1AadO+ia0K":{"registrationId":1630512128,"currentRatchet":{"ephemeralKeyPair":{"pubKey":"BeEBYUr+ulR24nRhoUj3/76xjD1Bgbs+yYOZn4T11v1C","privKey":"QN6sPPurPLZGpa3RlKE/wVfz9IvYoEwCeOrU7M4rJFs="},"lastRemoteEphemeralKey":"BZJhoS5MRFQeQX663uy777QOy0sFxuMENpI1tLDIynED","previousCounter":0,"rootKey":"v9N//SVsTj6tpqQnL4aWUXEqr+GBEyl3vtr/q29lY68="},"indexInfo":{"baseKey":"BVg2Sqbi7PdiYPfV2asj4qJGiM+hf0xzrh1AadO+ia0K","baseKeyType":2,"closed":-1,"used":1701925689250,"created":1701925689250,"remoteIdentityKey":"BVx0h6REvZtpxWMpIV5YlGFxitSyUxs50M+B+ECbepkJ"},"_chains":{"BZJhoS5MRFQeQX663uy777QOy0sFxuMENpI1tLDIynED":{"chainKey":{"counter":1,"key":"fPBfz02AXInJf6DdoqYia0CIJGGAAkiXGWWdg3mqmPI="},"chainType":2,"messageKeys":{}},"BeEBYUr+ulR24nRhoUj3/76xjD1Bgbs+yYOZn4T11v1C":{"chainKey":{"counter":-1,"key":"LO3d32YgAHYe3974w0vawHEdVJyR7RaNx6gB0ssOqls="},"chainType":1,"messageKeys":{}}}}},"version":"v1"}