{"_sessions":{"BXYbZwsOsUXlO9FooEzHll03HnEA//M862dXdLCx2eRE":{"registrationId":479381930,"currentRatchet":{"ephemeralKeyPair":{"pubKey":"BasdQKiIZoXBbKKcGy2Yw0HZsdB4SHDYqwC4wOB3aW1M","privKey":"aLfMV47iiqLpPQS37cre5YG/XDKw5MV06o6HBBnDxV4="},"lastRemoteEphemeralKey":"BfVbZyAH4E2Ys+WpeGAMff6DsWAEifo8ZDfXg90+gKQh","previousCounter":0,"rootKey":"j6goT7BbwWpHc7dO95xNPSA+VyiraNleeTPTsODSJUo="},"indexInfo":{"baseKey":"BXYbZwsOsUXlO9FooEzHll03HnEA//M862dXdLCx2eRE","baseKeyType":2,"closed":-1,"used":1701925667680,"created":1701925667680,"remoteIdentityKey":"BRj9yMWyhYbik+p9iDND33rTbZ/tyeIBkLqr7vBtknQc"},"_chains":{"BfVbZyAH4E2Ys+WpeGAMff6DsWAEifo8ZDfXg90+gKQh":{"chainKey":{"counter":0,"key":"tOf7ZnswklBt9MmHosOtjTHKSXqjnW5tqKyM2i4dlRQ="},"chainType":2,"messageKeys":{}},"BasdQKiIZoXBbKKcGy2Yw0HZsdB4SHDYqwC4wOB3aW1M":{"chainKey":{"counter":-1,"key":"0Ni1UWYCxDLJ0i/DbBFnUC6/1Ycgm65Ry2GpYrs+vH4="},"chainType":1,"messageKeys":{}}}}},"version":"v1"}