{"_sessions":{"BU4gH48ZOipPoEKf8yANLqMHx5iA3vDjm03zaWJxoQlN":{"registrationId":1101084822,"currentRatchet":{"ephemeralKeyPair":{"pubKey":"BQYLX8khLDw5U12iT/FhEagaTz9T14w7EZgNuk82fHx5","privKey":"OJrr+qG6YDdxpQrQtsrSLYaGhqI0J2XcYoLBur0+B18="},"lastRemoteEphemeralKey":"BQMlaW24xagLArO8eCsWRJ7WwDeX+tHFGO8Cv54IDzNx","previousCounter":0,"rootKey":"3U3CfdPvxZY0NGVtMmXRVscO4a8+b9dssxQl7gewkk0="},"indexInfo":{"baseKey":"BU4gH48ZOipPoEKf8yANLqMHx5iA3vDjm03zaWJxoQlN","baseKeyType":2,"closed":-1,"used":1701925648805,"created":1701925648805,"remoteIdentityKey":"BePqQdxvwI9A3McYjVuYtB6kaLTvUdWsCtrzjO8cyLNA"},"_chains":{"BQMlaW24xagLArO8eCsWRJ7WwDeX+tHFGO8Cv54IDzNx":{"chainKey":{"counter":1,"key":"4hKkMryYp3n1mEqDzItefAOJ1gA1SHCkJmeJrz3rcwo="},"chainType":2,"messageKeys":{}},"BQYLX8khLDw5U12iT/FhEagaTz9T14w7EZgNuk82fHx5":{"chainKey":{"counter":-1,"key":"MjJWYwNa7AirxYGFghlz8z9I8NGA/00JA6U3VgHD5N8="},"chainType":1,"messageKeys":{}}}}},"version":"v1"}