{"_sessions":{"BeBDwrOuYxZmDSqnnTRk19Ouarf2kob7gNF3Q0D7pDRP":{"registrationId":1365866838,"currentRatchet":{"ephemeralKeyPair":{"pubKey":"BVpmsidgoULNJIuQkdA6tMZI42AAzG8itpEe1XRWBnAo","privKey":"uOMWtTgzTweeKQjqWPzPJHAWCFYvf1KR/yYCG/bKQ3c="},"lastRemoteEphemeralKey":"Bco0HDWvESfs1/xOPkhlzNiEsOnVbhqiQrTHZso2QadS","previousCounter":0,"rootKey":"HajBLZNPqZOUJgjK77a858tXAgiTrr2JYKuoMKC9Unw="},"indexInfo":{"baseKey":"BeBDwrOuYxZmDSqnnTRk19Ouarf2kob7gNF3Q0D7pDRP","baseKeyType":2,"closed":-1,"used":1701925690182,"created":1701925690182,"remoteIdentityKey":"Be23NEE8LZNJPnf5XZrmpSZunw4TTzGwjSpApREQsv5I"},"_chains":{"Bco0HDWvESfs1/xOPkhlzNiEsOnVbhqiQrTHZso2QadS":{"chainKey":{"counter":0,"key":"eHeFHrZn9sFexZ1fLzpnINEdpLpx0Rs17VulXxg7CWE="},"chainType":2,"messageKeys":{}},"BVpmsidgoULNJIuQkdA6tMZI42AAzG8itpEe1XRWBnAo":{"chainKey":{"counter":-1,"key":"OvYn3UaXLzIFtOjhdT//Ov9IF0DG3A1E51bix/3X/og="},"chainType":1,"messageKeys":{}}}}},"version":"v1"}