{"_sessions":{"BdWP38hOoXt8pZwvjPNeMvfaCgm+k9XtW5eVALpf6c82":{"registrationId":1094170291,"currentRatchet":{"ephemeralKeyPair":{"pubKey":"BQJizI5kjsshddwI8n5IFCrE1pD1DK5GMXn1zXYVm6td","privKey":"kAaVYyaBA/p81dALv0OvI1P9kOfFhhJn3EgWQ7BFEVg="},"lastRemoteEphemeralKey":"BZj5OGNLwuy2JuToW6AmD913XC+m5M95XUGMCg2b9lUs","previousCounter":0,"rootKey":"uw9RS3PmnlfBgCkH8zLqgrmNTpIn0H9nHZkevm4O+bo="},"indexInfo":{"baseKey":"BdWP38hOoXt8pZwvjPNeMvfaCgm+k9XtW5eVALpf6c82","baseKeyType":2,"closed":-1,"used":1701925641647,"created":1701925641647,"remoteIdentityKey":"BWfx4MMZhKgpN+HgAo5YNpE+hv5d2kPDn1MMFZEKpbd0"},"_chains":{"BZj5OGNLwuy2JuToW6AmD913XC+m5M95XUGMCg2b9lUs":{"chainKey":{"counter":0,"key":"7YY2p5IqW9BXBXwenAIKpYS2Fs2OKl8CBjY0wJsG3gw="},"chainType":2,"messageKeys":{}},"BQJizI5kjsshddwI8n5IFCrE1pD1DK5GMXn1zXYVm6td":{"chainKey":{"counter":-1,"key":"uHJrgHWvdqv5xyym4LqCUEBcpZhEMtHR00xq7cXsr3U="},"chainType":1,"messageKeys":{}}}}},"version":"v1"}