{"_sessions":{"BaHEjyMSZIG00N+qVtKt4NxhHg0FYebRBar8RAPEpXhu":{"registrationId":262767665,"currentRatchet":{"ephemeralKeyPair":{"pubKey":"BX/wdcSDvTEYY4oK/d5vahaDhQicIO/dTp/JGXszThon","privKey":"MD1XZJHmVaVXXVfGhmzoXGA/RCgBktJ7QlIJTqm4RFQ="},"lastRemoteEphemeralKey":"BYkHuOnkqU6+17G6ebqBgGvijCnK1JXdjiceRpTDz4Ie","previousCounter":0,"rootKey":"XNhIpsrbZLT/ndiTwSB3jCIO9Z7j/La3ZUp1fHHC9Rc="},"indexInfo":{"baseKey":"BaHEjyMSZIG00N+qVtKt4NxhHg0FYebRBar8RAPEpXhu","baseKeyType":2,"closed":-1,"used":1701925705469,"created":1701925705469,"remoteIdentityKey":"BZbxz/sTynicuTj1cWe3viZPyLU9CiVH8okjDGKzu949"},"_chains":{"BYkHuOnkqU6+17G6ebqBgGvijCnK1JXdjiceRpTDz4Ie":{"chainKey":{"counter":0,"key":"u4Nu8PxocNZr0Hgc0Bn7q6jxhQN+3Wdlw+wpMVDs4rI="},"chainType":2,"messageKeys":{}},"BX/wdcSDvTEYY4oK/d5vahaDhQicIO/dTp/JGXszThon":{"chainKey":{"counter":-1,"key":"CJaRvtMts+gzQViZyGVYDfMTkINYHisZ9X4vLGs6oQg="},"chainType":1,"messageKeys":{}}}}},"version":"v1"}