{"_sessions":{"BYzpM6GdgGzZ72mORrsN4nQJG5F4VAdkwU3QmhDeZAA8":{"registrationId":772853290,"currentRatchet":{"ephemeralKeyPair":{"pubKey":"BRQ76mWoG4YIF5GbrVVoPgzrxSckOSyqROU3AINtsyhE","privKey":"uEjvvvV9fXmrpq+ASGgRF/+782dsUGv6TAFeTooftGs="},"lastRemoteEphemeralKey":"BYMGndV2VWQrSSGcoY+jMbBfNjJSyX3F2XCZZGvv1Yoe","previousCounter":0,"rootKey":"2ougxLpmWrIHFRC6rutkQEjnwo921FmamTg1wJotfOs="},"indexInfo":{"baseKey":"BYzpM6GdgGzZ72mORrsN4nQJG5F4VAdkwU3QmhDeZAA8","baseKeyType":2,"closed":-1,"used":1701925649365,"created":1701925649365,"remoteIdentityKey":"Bc5yR7IxnNtCYYcZO6vWffPVEcondrD1UlE5ykJKEaVO"},"_chains":{"BYMGndV2VWQrSSGcoY+jMbBfNjJSyX3F2XCZZGvv1Yoe":{"chainKey":{"counter":0,"key":"cjEWoFHx5FzC3qfmraDsN6ef8cmx4SPheN2Z+h90Hx8="},"chainType":2,"messageKeys":{}},"BRQ76mWoG4YIF5GbrVVoPgzrxSckOSyqROU3AINtsyhE":{"chainKey":{"counter":-1,"key":"O1t4nbymGjdGNQ6V4O72/0zcMZxIvgEWqoI+LTR27yc="},"chainType":1,"messageKeys":{}}}}},"version":"v1"}