{"_sessions":{"BQXBDfHjcEx7HY5tIo79VJ3ArrFhPH0q11sedpt1hu82":{"registrationId":1825910034,"currentRatchet":{"ephemeralKeyPair":{"pubKey":"BduVj6/H2TqWoDi9M6u9thLYFR3PL9t1T20QHqV6cqlT","privKey":"kG7MxGCqoUbS18346chE3ZqjSW6KPgzrKMmBQdsasEY="},"lastRemoteEphemeralKey":"BY7oaBzQl7AaiIJoo4jhfNYgIT7wo8emh8qQ8STSoCYI","previousCounter":0,"rootKey":"NL+PGwqa3cMoFG0q2mqPlNkagyLbVSCw8gCAoecOCHU="},"indexInfo":{"baseKey":"BQXBDfHjcEx7HY5tIo79VJ3ArrFhPH0q11sedpt1hu82","baseKeyType":2,"closed":-1,"used":1701925688868,"created":1701925688868,"remoteIdentityKey":"BZFahHsLeXEEq4TvrBQEYBHRhR/oAJvR4v/YST8s/5E3"},"_chains":{"BY7oaBzQl7AaiIJoo4jhfNYgIT7wo8emh8qQ8STSoCYI":{"chainKey":{"counter":2,"key":"BXYcHv3HskLjgBb91mSEhcSPoi4t1SCKiZlh46PnErk="},"chainType":2,"messageKeys":{}},"BduVj6/H2TqWoDi9M6u9thLYFR3PL9t1T20QHqV6cqlT":{"chainKey":{"counter":-1,"key":"d2eYbbg0GMcx4FjShkgrY53m8kMOoPiox7kxe/Jmk5E="},"chainType":1,"messageKeys":{}}}}},"version":"v1"}