{"_sessions":{"BXBeWKSv1teuvKprD2tjPU7wFZV9LCQVTTWKxqL2jU41":{"registrationId":871316299,"currentRatchet":{"ephemeralKeyPair":{"pubKey":"BXjAJt4YFPPg1mciVIa/80IgK7RRgWjhZRLXFgUGCtY9","privKey":"WJd7V8QEldnQseqDSTsNZPcO3dl9OZsrY0Hc6pOLmkU="},"lastRemoteEphemeralKey":"BZgLOIQp6Tm8wc4LHfufuuwhaZu3B4h2AzPXarbbrYQm","previousCounter":0,"rootKey":"UFtyyIbW8cGgU91A8e9GRRO4bPgSj+W2ywdQS1hqaTo="},"indexInfo":{"baseKey":"BXBeWKSv1teuvKprD2tjPU7wFZV9LCQVTTWKxqL2jU41","baseKeyType":2,"closed":-1,"used":1701925648437,"created":1701925648437,"remoteIdentityKey":"Bb2pL5YGzjX9ivyc4rc4vhFCqKzGceCQEuNZ7vIIunhR"},"_chains":{"BZgLOIQp6Tm8wc4LHfufuuwhaZu3B4h2AzPXarbbrYQm":{"chainKey":{"counter":0,"key":"20X2S7aJzmZUAZRbHyHGelEEZ64rmzJZWuD9CnQdaYk="},"chainType":2,"messageKeys":{}},"BXjAJt4YFPPg1mciVIa/80IgK7RRgWjhZRLXFgUGCtY9":{"chainKey":{"counter":-1,"key":"jHzbskns7SCsjX1t31eARYOQ1oHCmkf0sSq2xpO+OrQ="},"chainType":1,"messageKeys":{}}}}},"version":"v1"}