{"_sessions":{"BSUTwJuQrUN/dDNXihm8f79DEiRN+ZRiYQAj85KezW5l":{"registrationId":1731015402,"currentRatchet":{"ephemeralKeyPair":{"pubKey":"BV7WsGSIn3uwPzNfsTGTbIHZL9kAeIF316j4l/cy3V1j","privKey":"QCNfVt342a+lxyNK/Y4GQIIlZjYKi0NV5FUh2i1/8Ho="},"lastRemoteEphemeralKey":"BcLv4VYDElCvVrwMGvra3eZwuQuHQ2J12nHix4kNRS5b","previousCounter":0,"rootKey":"lLq6yd2CNBp5fAa0b76QbIoguWRhr5N8bxdFoB3B5Hs="},"indexInfo":{"baseKey":"BSUTwJuQrUN/dDNXihm8f79DEiRN+ZRiYQAj85KezW5l","baseKeyType":2,"closed":-1,"used":1701925658754,"created":1701925658754,"remoteIdentityKey":"BWxT7bQBQWMpW3cxC5enlZ4NSM+Z0a7J6LLg8QJc9JZK"},"_chains":{"BcLv4VYDElCvVrwMGvra3eZwuQuHQ2J12nHix4kNRS5b":{"chainKey":{"counter":2,"key":"vVFQVpwwWCaXz9fGpWXQz2pRnGsftPL2c0qPz9Sw65M="},"chainType":2,"messageKeys":{"0":"LcRK+Dt2ZPKXCwk9exyPFEgSpjcwjaxZF2iNJgNkkrw="}},"BV7WsGSIn3uwPzNfsTGTbIHZL9kAeIF316j4l/cy3V1j":{"chainKey":{"counter":-1,"key":"ioXpF3nJP5mc+yNYrlmBrRpl4LwekABFMEiECjqy8Kw="},"chainType":1,"messageKeys":{}}}}},"version":"v1"}