{"_sessions":{"BeBNJd0thViwpHJOdpS9sMI9/A1Zi7bgOTPo/nVcVRon":{"registrationId":315763605,"currentRatchet":{"ephemeralKeyPair":{"pubKey":"BTk8DnlOLHTF2cqdizixUxX6KjdBEsdYVVm3EuG5mY8J","privKey":"SH88ntFROynFq4Dqq4qcW5X4LzbajEIiKJfFzUEFSno="},"lastRemoteEphemeralKey":"BcIiUhZ4uf3QYW41CAxivrl9E+wKRae9pCC3rvongBA6","previousCounter":0,"rootKey":"AbjqJIlM7Y4lcV/4hdm6i6l3VQQ4N+0uV83V1uQJmiw="},"indexInfo":{"baseKey":"BeBNJd0thViwpHJOdpS9sMI9/A1Zi7bgOTPo/nVcVRon","baseKeyType":2,"closed":-1,"used":1701925676931,"created":1701925676931,"remoteIdentityKey":"BachunRiiYzQFWefy5/QoXFNpY4+OGjPLwWqvRVdJe0m"},"_chains":{"BcIiUhZ4uf3QYW41CAxivrl9E+wKRae9pCC3rvongBA6":{"chainKey":{"counter":0,"key":"2BpZKrpfOvEZhfFOZ/70cRme3BxTZCrLTkb2OBT7bwg="},"chainType":2,"messageKeys":{}},"BTk8DnlOLHTF2cqdizixUxX6KjdBEsdYVVm3EuG5mY8J":{"chainKey":{"counter":-1,"key":"YFBXWj56BuXRrrb3Af5e1T0eAtX4BJ8IPBlgxOYQiRk="},"chainType":1,"messageKeys":{}}}}},"version":"v1"}