{"_sessions":{"BS9PcwhiclWjoKpJimIMFZ41aoa8jfH5/e8y+9CL8jkl":{"registrationId":293658005,"currentRatchet":{"ephemeralKeyPair":{"pubKey":"BaaiV6BTfDZR5BL1zNQ2p8HrOMpq8Y1XTA5k5oZbohwV","privKey":"gFJ47ZQq2cH7upRvh+Ie3s4h78mKMYs1T3HZBszVAWk="},"lastRemoteEphemeralKey":"BYoChX4VExeshPnXxsbXUQ2nIXUK9obC6bdTPCrB4eBA","previousCounter":0,"rootKey":"4QKbuz+LrWTXH01Giy5l1ATEf5KgmcTFED4TPKe+f/o="},"indexInfo":{"baseKey":"BS9PcwhiclWjoKpJimIMFZ41aoa8jfH5/e8y+9CL8jkl","baseKeyType":2,"closed":-1,"used":1701786258070,"created":1701786258070,"remoteIdentityKey":"BYvfGotx3k8aCsGn3ZznBhRhfJfCsKB+Oh2/BWdP2DkR"},"_chains":{"BYoChX4VExeshPnXxsbXUQ2nIXUK9obC6bdTPCrB4eBA":{"chainKey":{"counter":5,"key":"kVelsItw6Oj1FZxufm+Cpx036mEqV0bJgBu572gXZY8="},"chainType":2,"messageKeys":{}},"BaaiV6BTfDZR5BL1zNQ2p8HrOMpq8Y1XTA5k5oZbohwV":{"chainKey":{"counter":-1,"key":"oLiZEuz8oMN9ttGwNPDIYGj6deZUae2TX3cBFWwIGu8="},"chainType":1,"messageKeys":{}}}}},"version":"v1"}