{"_sessions":{"BRe9F4/IORYPM9uXTIzznAZyaw6AWIz08tPBdmJhYZFj":{"registrationId":159857125,"currentRatchet":{"ephemeralKeyPair":{"pubKey":"BSu7RJkJAHj3dog3NFtlpGeVwy+LqgsAcZ0y0GXR2vNP","privKey":"WLsNOpj4WdIgZQf6A6bypAKc6eW72caNPQmlyoc0/EA="},"lastRemoteEphemeralKey":"BUwX2W9P42FD5Pbo8kqBIu+rMo0Wi9IrXNSgI1M8W9UV","previousCounter":0,"rootKey":"1T5wYT1qO7WInlLatzFEDIIUJbbGxgAFgVnUDB+92dE="},"indexInfo":{"baseKey":"BRe9F4/IORYPM9uXTIzznAZyaw6AWIz08tPBdmJhYZFj","baseKeyType":2,"closed":-1,"used":1701925654656,"created":1701925654656,"remoteIdentityKey":"BUu0ZO/v5eup08bKG6+/h1STLoqOATxG2ughhJq/dwoB"},"_chains":{"BUwX2W9P42FD5Pbo8kqBIu+rMo0Wi9IrXNSgI1M8W9UV":{"chainKey":{"counter":0,"key":"xufl1j95pGh8aoboksWGJhZrQQdOesWmzPPOpOMw4is="},"chainType":2,"messageKeys":{}},"BSu7RJkJAHj3dog3NFtlpGeVwy+LqgsAcZ0y0GXR2vNP":{"chainKey":{"counter":-1,"key":"KGDEyU1JoV9yaSta00CLP2ZGra0bZNd4C5etK7mj3w8="},"chainType":1,"messageKeys":{}}}}},"version":"v1"}