{"_sessions":{"BYly+U73ox5mMnW0OVcLEgpB7qeN0r98kDv1NxV2OlN8":{"registrationId":1932349933,"currentRatchet":{"ephemeralKeyPair":{"pubKey":"BQ07TP/Jemtk0f+dKwgbh6l2nBo3KphxH065e5hily0m","privKey":"eKcAiW+XDyPB+z+86MGvvOIv356Fe3urrSuIoSZFnGE="},"lastRemoteEphemeralKey":"BbErH++utUOm3ay5zZpt0RmnceKNEjyNu/AsWxbS0yZE","previousCounter":0,"rootKey":"L/xtGVqdWlycOLubzN9F0S+fRGBvhrKJkXc1rZBAhUI="},"indexInfo":{"baseKey":"BYly+U73ox5mMnW0OVcLEgpB7qeN0r98kDv1NxV2OlN8","baseKeyType":2,"closed":-1,"used":1701925655175,"created":1701925655175,"remoteIdentityKey":"BZevkTFM8lYZp74E5H2tecwu0YClQj61gLdVRu+u4M0U"},"_chains":{"BbErH++utUOm3ay5zZpt0RmnceKNEjyNu/AsWxbS0yZE":{"chainKey":{"counter":2,"key":"LkCM1PEN9bli3X0r79yJVf7152yxlljxbNtEgX4zY6A="},"chainType":2,"messageKeys":{}},"BQ07TP/Jemtk0f+dKwgbh6l2nBo3KphxH065e5hily0m":{"chainKey":{"counter":-1,"key":"S7MBbiK31w56CA2CTefqxA8/HhjpKFaft5g7/P7EerA="},"chainType":1,"messageKeys":{}}}}},"version":"v1"}