{"_sessions":{"BcCWAZO4ziOD6yfCt9+uRz2hGU44hnw+qoyEzndmFnld":{"registrationId":146378050,"currentRatchet":{"ephemeralKeyPair":{"pubKey":"BZQtGRnfUZwgY34YAL8wsnEPUyQezWJzqAHwZWNo1K5v","privKey":"iDMluZmTTTh6xEA04oW28K/ixv1VCCXUZ14l2tk8RlQ="},"lastRemoteEphemeralKey":"BXL451m3pUGiWtQJnakxiaR6HGEEnx0RQ+23BHx5fww4","previousCounter":0,"rootKey":"l2ILP6k36KPeqxy8unlO+X6V3uMro+yqanHiuFj+AVE="},"indexInfo":{"baseKey":"BcCWAZO4ziOD6yfCt9+uRz2hGU44hnw+qoyEzndmFnld","baseKeyType":2,"closed":-1,"used":1701925653284,"created":1701925653284,"remoteIdentityKey":"BanxgK1stpk/MyfFiSEsx4qYHvgEYvmrHTx6ztcHWbht"},"_chains":{"BXL451m3pUGiWtQJnakxiaR6HGEEnx0RQ+23BHx5fww4":{"chainKey":{"counter":12,"key":"tQjxTwX00W+gw3ZGdoXkWqIKqCEFZ199NANKw4AM/Nw="},"chainType":2,"messageKeys":{"0":"HS8Yo+5g0xiZsddFaUtwmL7LG5q4irI1/gzy4VL+bm4=","1":"DpLFfhwiVSvLOL+V+u5PCrlmp3jYgUiltBjIWPhTnBM=","9":"DNOhwPeAy8aa87rFuR9AIKQ5h6IUER5CSXNMtSLhfb0="}},"BZQtGRnfUZwgY34YAL8wsnEPUyQezWJzqAHwZWNo1K5v":{"chainKey":{"counter":-1,"key":"GvUFbbRNxnhUqj3Bx5XVg4+pGQAuUWjCxzFHkV6ChbA="},"chainType":1,"messageKeys":{}}}}},"version":"v1"}