{"_sessions":{"BaFPvaAF0qRnalBMkQdhdXzLNOlMssSH7mKbVaHsUic6":{"registrationId":1777748465,"currentRatchet":{"ephemeralKeyPair":{"pubKey":"BeVxa+PNVvGhcE3QaypPfywyeO7iEuCzmGe3l6mXR6s3","privKey":"AAy/APqkUN0ytNtkgRw3lt8DGRBgHTX8lMMrsVzLS3w="},"lastRemoteEphemeralKey":"BchaZbZn9d7bvKGa+JD4NObdEoeG2u9uwoh+QDNX3YQs","previousCounter":0,"rootKey":"bNVbqrE8KcgnZNmBimJYs6sfuu2xEtWw3+sZTRGcEeE="},"indexInfo":{"baseKey":"BaFPvaAF0qRnalBMkQdhdXzLNOlMssSH7mKbVaHsUic6","baseKeyType":2,"closed":-1,"used":1701925652986,"created":1701925652986,"remoteIdentityKey":"BR9Zep4ShjxL6huMkxcnWlA371QXCTHEgMvVuW1i0Vce"},"_chains":{"BchaZbZn9d7bvKGa+JD4NObdEoeG2u9uwoh+QDNX3YQs":{"chainKey":{"counter":2,"key":"jX4QgPOb3Vfw5pEOhtoo/sq7/6tFc3HSNoHxeOnx6ek="},"chainType":2,"messageKeys":{"0":"M+8VMqtjkxTABa9n/FquEDiMMPGs7WRrupL5WTbUHuA="}},"BeVxa+PNVvGhcE3QaypPfywyeO7iEuCzmGe3l6mXR6s3":{"chainKey":{"counter":-1,"key":"omO+B0SSm28/CCfPkNBiKtUoSKnPsChLsVNxpu0T18E="},"chainType":1,"messageKeys":{}}}}},"version":"v1"}