{"_sessions":{"BT43jdWj+2ouDtl1n4+stP0T/Prk15u1uVQc1eVlC2Qj":{"registrationId":780111662,"currentRatchet":{"ephemeralKeyPair":{"pubKey":"BWVXUV2mXHvx//vc49jLqPnmTEZag82vDq7gDDPNXw9T","privKey":"aG7UVJy8B1cz9FvaDskLd7+u7k0oCX/lflT8F20mDE0="},"lastRemoteEphemeralKey":"BXbIrqtX/SJT+lozP+58VGCJsDLdfKEv1XOsKY57Xllt","previousCounter":0,"rootKey":"QgFV+VV4XD9o9YYSuuIvsSS1TrdObArCQmH7uf7ZpBY="},"indexInfo":{"baseKey":"BT43jdWj+2ouDtl1n4+stP0T/Prk15u1uVQc1eVlC2Qj","baseKeyType":2,"closed":-1,"used":1701925709528,"created":1701925709528,"remoteIdentityKey":"Bd1HG5gTA1A23pZxI8QRCbZiqUlNSrMeztB/2ySitO8p"},"_chains":{"BXbIrqtX/SJT+lozP+58VGCJsDLdfKEv1XOsKY57Xllt":{"chainKey":{"counter":0,"key":"FFIZ70EYT7jFYy4IWIvxUi32VP19tX7DWDBn0uKaXrw="},"chainType":2,"messageKeys":{}},"BWVXUV2mXHvx//vc49jLqPnmTEZag82vDq7gDDPNXw9T":{"chainKey":{"counter":-1,"key":"l8tzrTPibbqWzdCd07xtr3r9dD+8LbCRD/B+kLjER6M="},"chainType":1,"messageKeys":{}}}}},"version":"v1"}