{"_sessions":{"BR2ACcdoHwV8vcAk0oAtzmqXd7C42pa8U52V+D7KFUUb":{"registrationId":977567205,"currentRatchet":{"ephemeralKeyPair":{"pubKey":"Bcvd/1uzAAs3c9640JIqitlddrQF2HPZm9rMJwDKnRlt","privKey":"MCnu2oaGcPpdo2XE21zHacM7pikUvMHjym8dE2O3NUc="},"lastRemoteEphemeralKey":"BejEZUQ87rkdm3GDE7BDJNWt2eMPJ1iOPPoJ0Jg8U88t","previousCounter":0,"rootKey":"VfjPsQWvVUSZSS2GHxXvg/YgWgosz2fZdrZN51M/oWA="},"indexInfo":{"baseKey":"BR2ACcdoHwV8vcAk0oAtzmqXd7C42pa8U52V+D7KFUUb","baseKeyType":2,"closed":-1,"used":1701925656188,"created":1701925656188,"remoteIdentityKey":"BS6NfVyh07IFL566EPfyo78Lum0fFxH3OLIOqybx1BMA"},"_chains":{"BejEZUQ87rkdm3GDE7BDJNWt2eMPJ1iOPPoJ0Jg8U88t":{"chainKey":{"counter":1,"key":"zcuxazD5DEt3U5F+60oqDI9x9+KjUPIoBJ2ziPxcWkQ="},"chainType":2,"messageKeys":{}},"Bcvd/1uzAAs3c9640JIqitlddrQF2HPZm9rMJwDKnRlt":{"chainKey":{"counter":-1,"key":"etFseQGRqu609DlVLvXpVRMUsQnLJk7A6kUYaQsEOwY="},"chainType":1,"messageKeys":{}}}}},"version":"v1"}