{"_sessions":{"Bb62IHfjH7JiUiQh/isDSssUy40szZRKt7fTsiwNEdEg":{"registrationId":1099827828,"currentRatchet":{"ephemeralKeyPair":{"pubKey":"BUi0qvym3z/Pa1+nLzrnxxKHHD3mAjYMhEze7CqWbiBN","privKey":"oLzQp1XrVKC31XT4oHUn6N7dcECSdb8wqcCcBynCs0k="},"lastRemoteEphemeralKey":"BdJ+Qm4h26oFcx3cXMqutP9Ok4v20Lu4Kk2L01lCVj1K","previousCounter":0,"rootKey":"v8TP32tmCC9YGxNGiKxX+TwkSGnU8K469nW00JVIE5s="},"indexInfo":{"baseKey":"Bb62IHfjH7JiUiQh/isDSssUy40szZRKt7fTsiwNEdEg","baseKeyType":2,"closed":-1,"used":1701925646348,"created":1701925646348,"remoteIdentityKey":"BYNW1vC4wXc7ANub44WFy2jA/u9w4jpTIc2E/Vp6hrNx"},"_chains":{"BdJ+Qm4h26oFcx3cXMqutP9Ok4v20Lu4Kk2L01lCVj1K":{"chainKey":{"counter":3,"key":"iOUwMRQGrumYQ3Lk832qdYBi/kRzzEWPw/DW6eU0RbE="},"chainType":2,"messageKeys":{}},"BUi0qvym3z/Pa1+nLzrnxxKHHD3mAjYMhEze7CqWbiBN":{"chainKey":{"counter":-1,"key":"kd09fv2AIT+agJZXSqWS6r7+YK0WimVGby4KcMohcV8="},"chainType":1,"messageKeys":{}}}}},"version":"v1"}