{"_sessions":{"BXQZYrOs3WEulIIaAdCO8ui/PCtGVjTfSQNSjCJo5kA5":{"registrationId":777424947,"currentRatchet":{"ephemeralKeyPair":{"pubKey":"BVPFnbxWK70Gcdd8EA0m0a40byUEKMB+QBVjdCtDSFIB","privKey":"uGYbVLcOL8JqFFPu8RHDylCsY4OrbSkKkf2n2jjhn2Q="},"lastRemoteEphemeralKey":"BdbtvWz75S66JAXYf0GK8+aqhSZdMUrTkTEdZkfgs50W","previousCounter":0,"rootKey":"VWNwc5WhxrwzQg2yY0soD/5meomBHr/n6kBYF6eJM1M="},"indexInfo":{"baseKey":"BXQZYrOs3WEulIIaAdCO8ui/PCtGVjTfSQNSjCJo5kA5","baseKeyType":2,"closed":-1,"used":1701925643626,"created":1701925643626,"remoteIdentityKey":"BWYZJ6D4QQiNXEKdDFdyl5XBxRXplquunZ/s/LvOHf96"},"_chains":{"BdbtvWz75S66JAXYf0GK8+aqhSZdMUrTkTEdZkfgs50W":{"chainKey":{"counter":0,"key":"H7/lyyOsHNxHImtfJNyUq7wDkIoCxRBvN0HRVPmtPeA="},"chainType":2,"messageKeys":{}},"BVPFnbxWK70Gcdd8EA0m0a40byUEKMB+QBVjdCtDSFIB":{"chainKey":{"counter":-1,"key":"4Wc7dwbDJSXWVsJVLdHV0IZlMNT2rwoVeHHv/ClEuUA="},"chainType":1,"messageKeys":{}}}}},"version":"v1"}