{"_sessions":{"BeaCQwCh/jGlibBK0Fby7WMgEVclLIVvt5fdipoYyhBq":{"registrationId":1814517216,"currentRatchet":{"ephemeralKeyPair":{"pubKey":"Bbg3ikxaPaA8V59rKgLKl9orgZ4MaBL+LfvzyLIs7B8C","privKey":"4A9FYxhBpwxOJYnDkCmxjaCYIeihzXKgl7l7BgfTzEw="},"lastRemoteEphemeralKey":"BUIrSL74DgrzMWFQzd2nTrRxO4daSZfvX3zgUUWwLVJR","previousCounter":0,"rootKey":"F31uD1XCbLYC8OTsyipz/FWaHcCG4m14Wtr2ywN3puE="},"indexInfo":{"baseKey":"BeaCQwCh/jGlibBK0Fby7WMgEVclLIVvt5fdipoYyhBq","baseKeyType":2,"closed":-1,"used":1701925674378,"created":1701925674378,"remoteIdentityKey":"BS+Lm7fsowi6XX0FsNhyW6YK2+9lmGOKQt8MEqWAvToE"},"_chains":{"BUIrSL74DgrzMWFQzd2nTrRxO4daSZfvX3zgUUWwLVJR":{"chainKey":{"counter":2,"key":"XDpAjmRsZ2qQwNrtOzS9p/uIwjxtEeX1PPdE6zgLtv4="},"chainType":2,"messageKeys":{}},"Bbg3ikxaPaA8V59rKgLKl9orgZ4MaBL+LfvzyLIs7B8C":{"chainKey":{"counter":-1,"key":"AbqBVG68O7g4vT4/N83+yf26eOe/CieoyJt/QuQgLBs="},"chainType":1,"messageKeys":{}}}}},"version":"v1"}