{"_sessions":{"BX1YtcNUyYFn3vZYrlf4hzYOAHkjN3L5N6ttm4Vc/N1O":{"registrationId":1981014770,"currentRatchet":{"ephemeralKeyPair":{"pubKey":"BajOxVt3J1XHVPsQ5759mgxKTj8e2cJVX/gDbjqpvZFe","privKey":"kDEzh2cpuethAscSuz0JYIrp/VKfWoT3T8RQi6g9xno="},"lastRemoteEphemeralKey":"BXEA/44aSqUtUVakrr8k83/No3e6XIhUzpPzNdGF1BFd","previousCounter":0,"rootKey":"XPA3mwyvz6ckX2Q4XdNNgORK8uZMV5Vd0tsOQJNiJms="},"indexInfo":{"baseKey":"BX1YtcNUyYFn3vZYrlf4hzYOAHkjN3L5N6ttm4Vc/N1O","baseKeyType":2,"closed":-1,"used":1701925650975,"created":1701925650975,"remoteIdentityKey":"BcVPD0SR7fhVj6KqxTu5Vvk6rspdtZ8bjf7RI05E4047"},"_chains":{"BXEA/44aSqUtUVakrr8k83/No3e6XIhUzpPzNdGF1BFd":{"chainKey":{"counter":0,"key":"dCs6WD4pxGltNWBFVQ+kTMak1sjSuEPYFdI2/axknaE="},"chainType":2,"messageKeys":{}},"BajOxVt3J1XHVPsQ5759mgxKTj8e2cJVX/gDbjqpvZFe":{"chainKey":{"counter":-1,"key":"orHpJMbeuReGAA6SmaUsVOvNHQsul9+fZBaPo1AZYtI="},"chainType":1,"messageKeys":{}}}}},"version":"v1"}