{"_sessions":{"BWGBwRvg48XnweaSntJ5FNxFROjqfZ4GXBiKE/eIkG8T":{"registrationId":979460421,"currentRatchet":{"ephemeralKeyPair":{"pubKey":"BVneiBKlEccOHaR6pD5c3vOkKaUyHrvMq9UvQkaqsyRa","privKey":"KCBlkcFUcXKXbNok0s4avz/did0NvEAuFam95wd+pnc="},"lastRemoteEphemeralKey":"BUt7Lb3KixeLTOJmQBFybyFdaGa6CPFobW803SbQ9mBu","previousCounter":0,"rootKey":"4LISlkJo4XxaxdLi7Db1aIaDpIxkAdK9WP1HhsQM45c="},"indexInfo":{"baseKey":"BWGBwRvg48XnweaSntJ5FNxFROjqfZ4GXBiKE/eIkG8T","baseKeyType":2,"closed":-1,"used":1701925654687,"created":1701925654687,"remoteIdentityKey":"BcrILB4765vxiO+hkJGI7HhuR4w1pVEcKH8j1YClDWRH"},"_chains":{"BUt7Lb3KixeLTOJmQBFybyFdaGa6CPFobW803SbQ9mBu":{"chainKey":{"counter":1,"key":"91F37IJY57u6QHywJORRX6mtyxTc0uXKKmxGLO5ak2U="},"chainType":2,"messageKeys":{}},"BVneiBKlEccOHaR6pD5c3vOkKaUyHrvMq9UvQkaqsyRa":{"chainKey":{"counter":-1,"key":"hPoAykMjQc9CIq8yz95eraqw1jUjW5e7JhUua0c4628="},"chainType":1,"messageKeys":{}}}}},"version":"v1"}