{"_sessions":{"BWMRyrMG0SGiQx+W/tGcdb04gfurQmywtSL7twT9TvJd":{"registrationId":1887325463,"currentRatchet":{"ephemeralKeyPair":{"pubKey":"BeIRW8xv794ThNh3iU7TTdJ/nD6Qj7cwENRm7pJQGVx9","privKey":"iMADL6XhDhrEMvHYwzbCU+iIqSnpAR9ykpmpOGyl8HI="},"lastRemoteEphemeralKey":"BUlJc8doDEhanb3RdKHPgTwTXEKLZnN6026TtiZKyN0R","previousCounter":0,"rootKey":"Pmd9UFbUKoQbbzhCIPMacFtIidabTlUusSCHvwk1THY="},"indexInfo":{"baseKey":"BWMRyrMG0SGiQx+W/tGcdb04gfurQmywtSL7twT9TvJd","baseKeyType":2,"closed":-1,"used":1701925657854,"created":1701925657854,"remoteIdentityKey":"BcTSljqrQK0awtSvT2AyFhMPanf0uyMQsQuOOsn8klFc"},"_chains":{"BUlJc8doDEhanb3RdKHPgTwTXEKLZnN6026TtiZKyN0R":{"chainKey":{"counter":0,"key":"IGK/s1/zUWL17hmDibp0VksqjKCg2vXyIV5QYxna+pU="},"chainType":2,"messageKeys":{}},"BeIRW8xv794ThNh3iU7TTdJ/nD6Qj7cwENRm7pJQGVx9":{"chainKey":{"counter":-1,"key":"tFUAltvRUjpt5jPqVYEnGOVa+REffqisxGjUMqZlyTg="},"chainType":1,"messageKeys":{}}}}},"version":"v1"}