{"_sessions":{"BR1ZmTPR45otgkWhZoFGgEAv4HqSoGXVSwbXmBthl2dO":{"registrationId":1764290656,"currentRatchet":{"ephemeralKeyPair":{"pubKey":"Be4Y8/qec8H3X2Nf3/QafeiT2Nea9J5anBKgf75F+EIl","privKey":"MORw+3SsX9NBJ1a29bJhTZyat9asjoxjrjwcqYiHhHU="},"lastRemoteEphemeralKey":"BXZ56nL4Tw6tqUuMUI2dfY63+89jufzhO/qC9PIOIuhQ","previousCounter":0,"rootKey":"v4ycMmTOOG4NGjTrtL0sIerqYUept7B29Ohr8Y/YkK4="},"indexInfo":{"baseKey":"BR1ZmTPR45otgkWhZoFGgEAv4HqSoGXVSwbXmBthl2dO","baseKeyType":2,"closed":-1,"used":1701925645785,"created":1701925645785,"remoteIdentityKey":"Bb1jkbv/ogSKsTo2XMDCLFHfSXsp7VDwvS0kjpYtXe4C"},"_chains":{"BXZ56nL4Tw6tqUuMUI2dfY63+89jufzhO/qC9PIOIuhQ":{"chainKey":{"counter":0,"key":"K4OHC0N/NiQwfwUTokHgY2NjUwGza/gdVU2zNArjdDs="},"chainType":2,"messageKeys":{}},"Be4Y8/qec8H3X2Nf3/QafeiT2Nea9J5anBKgf75F+EIl":{"chainKey":{"counter":-1,"key":"ftzmgMs5FL9DrT1pAXmugQapyF27Otkb2EQHKcUttdE="},"chainType":1,"messageKeys":{}}}}},"version":"v1"}