{"_sessions":{"Ba59aVysCL1yRsaw0+vs53iQlD0VzzcH8Mpe+TPn85ID":{"registrationId":1758623612,"currentRatchet":{"ephemeralKeyPair":{"pubKey":"BRSAtS4YZ0R4lrgnvI9bxIrg14Scr5vOvEIKWCa3clc8","privKey":"eFCuDvSplfuKI2oWunsp9GOv7quugQ84qUvzUiTIqE0="},"lastRemoteEphemeralKey":"BbofUvWFFruAo10GMN8MTT9o85YRDlbryWDSxMQgD4pC","previousCounter":0,"rootKey":"IbQw1lRtSACa/Xe+Kq/9PnujJQb0TwhSrIOgz/WembQ="},"indexInfo":{"baseKey":"Ba59aVysCL1yRsaw0+vs53iQlD0VzzcH8Mpe+TPn85ID","baseKeyType":2,"closed":-1,"used":1701925689607,"created":1701925689607,"remoteIdentityKey":"BRPrRXjhnE6ar5kqaFgM++6RRdGtxUbIInHOdmhV+mRE"},"_chains":{"BbofUvWFFruAo10GMN8MTT9o85YRDlbryWDSxMQgD4pC":{"chainKey":{"counter":2,"key":"SEfHeQsVv79bC10zWOwZJZ6EfvJ0x1FH45tMp97wezA="},"chainType":2,"messageKeys":{}},"BRSAtS4YZ0R4lrgnvI9bxIrg14Scr5vOvEIKWCa3clc8":{"chainKey":{"counter":-1,"key":"vUYNALmWjw0ReyTCJsSdMEMZ39lbtmqnTNsiQze/RPA="},"chainType":1,"messageKeys":{}}}}},"version":"v1"}