{"_sessions":{"BcYC76/GPQFaz7qIpbwRBC68oOxnHC1NSoznN0qMgB1f":{"registrationId":1838154267,"currentRatchet":{"ephemeralKeyPair":{"pubKey":"Bd4PiIFi9D1iWiYoErXSKSTr0lfswDQTq/BgMJiF+BA2","privKey":"KEKsW5C2uLkZcR67mppRIBMAWNAwS6X8H6jHL4+1+Ew="},"lastRemoteEphemeralKey":"BagKkQhGRyWDuCDWu/YWRGOeaQ7CTF62Xl+agHvKc3Bb","previousCounter":0,"rootKey":"jwo48amFqNSRy27RL5DP4eLUJNDuvy30H3QyNqN54Bs="},"indexInfo":{"baseKey":"BcYC76/GPQFaz7qIpbwRBC68oOxnHC1NSoznN0qMgB1f","baseKeyType":2,"closed":-1,"used":1701925642968,"created":1701925642968,"remoteIdentityKey":"BdyKF4XOP03hwXnxnVEZqXq7FHRh9kJ71g5WWL73VvgG"},"_chains":{"BagKkQhGRyWDuCDWu/YWRGOeaQ7CTF62Xl+agHvKc3Bb":{"chainKey":{"counter":1,"key":"OIjTqs5ZDDUtTuMXNl75zxCWEKnA6bjw+0GdzKoIXqw="},"chainType":2,"messageKeys":{}},"Bd4PiIFi9D1iWiYoErXSKSTr0lfswDQTq/BgMJiF+BA2":{"chainKey":{"counter":-1,"key":"05r8uB1EXzy0kCE7UDFMCejNzgj4HjNOOGc20rvRIWk="},"chainType":1,"messageKeys":{}}}}},"version":"v1"}