{"_sessions":{"BSxVvofJ94qrabyh0TEBBa4Yct7dOLM3QDXW+PqBYmYn":{"registrationId":1786344554,"currentRatchet":{"ephemeralKeyPair":{"pubKey":"BUO4qCiYnXp6X8e9qCwDm9OE8NUQlYFnMp57ACyWgtBG","privKey":"wNyqE7Dsd/bVg6F/C+Df6VGP7gb5Y4VKvIK/vCXQZVQ="},"lastRemoteEphemeralKey":"BSMSjrICOXxYLMHZ4yW7vxieNDwAw8E9Nb9paDIkoNgf","previousCounter":0,"rootKey":"4tM4w/ImnM+Y7DzHOR47kEkLzvYLDGerfr9XYJRrtvs="},"indexInfo":{"baseKey":"BSxVvofJ94qrabyh0TEBBa4Yct7dOLM3QDXW+PqBYmYn","baseKeyType":2,"closed":-1,"used":1701925677863,"created":1701925677863,"remoteIdentityKey":"BdtVqLdLlMqfY+cBnnPU1CIJXig4V0+PgjodVRUBBKwP"},"_chains":{"BSMSjrICOXxYLMHZ4yW7vxieNDwAw8E9Nb9paDIkoNgf":{"chainKey":{"counter":0,"key":"0++aE4NOAMf+GTnI3RCqUeXi2czvUMb31ltjOJHcCU0="},"chainType":2,"messageKeys":{}},"BUO4qCiYnXp6X8e9qCwDm9OE8NUQlYFnMp57ACyWgtBG":{"chainKey":{"counter":-1,"key":"sdbirYSc1M8bWbY3oSh8oRw13+vmPa5oNEk44DevdUM="},"chainType":1,"messageKeys":{}}}}},"version":"v1"}