{"_sessions":{"BVeAjEKgvjGUz/g9cVbzdmjl2Cgh/l/gPe7vK4AVv+wF":{"registrationId":1570625705,"currentRatchet":{"ephemeralKeyPair":{"pubKey":"BVDQApZ7yVNG4mxmLVwrXSQrr4gs2EIKb1VY3rAdNV42","privKey":"yFn2tPOL024TIiZ3BHDeuNDENbO76X+ehygmpiWwzFU="},"lastRemoteEphemeralKey":"Bbb2KQxJbmHnF8jwKde5ZTvip9rEWfkqoZCcD+CZeUVX","previousCounter":0,"rootKey":"2WmDIvhcScLFrVLFWHPnU9CO/ueWA3C0ri01dCDqpSM="},"indexInfo":{"baseKey":"BVeAjEKgvjGUz/g9cVbzdmjl2Cgh/l/gPe7vK4AVv+wF","baseKeyType":2,"closed":-1,"used":1701925649094,"created":1701925649094,"remoteIdentityKey":"BRDG0/73Gh5lwYeU0yoOo3kKqUdLVNRwjBiEuKPivlZT"},"_chains":{"Bbb2KQxJbmHnF8jwKde5ZTvip9rEWfkqoZCcD+CZeUVX":{"chainKey":{"counter":3,"key":"37pseHf12Eb2wECsozNKh4VCVZ/2SuycR/FOAg2u/q0="},"chainType":2,"messageKeys":{}},"BVDQApZ7yVNG4mxmLVwrXSQrr4gs2EIKb1VY3rAdNV42":{"chainKey":{"counter":-1,"key":"x4Ux9UyUx+Z7qU6WEoEzxg3mGmbN/y2tgAcijFYVgsU="},"chainType":1,"messageKeys":{}}}}},"version":"v1"}