{"_sessions":{"BZH8b95SM12rMCxkxXzQ4cnPnZimDsbrfDPOazcUcc95":{"registrationId":86,"currentRatchet":{"ephemeralKeyPair":{"pubKey":"BbnlvKjUUlw/OZwugK/As4MUKYfahQ9y6VaQ7sF5zJI+","privKey":"gAnagToH+O0M1XhF2R1GeHh5vikIAa4tEpAF9dqlhUg="},"lastRemoteEphemeralKey":"Bdf55jDlgfvM0cyv0sGIgh9RGrjJ3Fue55A031HKU4lZ","previousCounter":0,"rootKey":"CqJRWobdXZHtm5hE9yWXsV4YjqNT7hmdB3G4I9IBu0s="},"indexInfo":{"baseKey":"BZH8b95SM12rMCxkxXzQ4cnPnZimDsbrfDPOazcUcc95","baseKeyType":1,"closed":-1,"used":1701786501438,"created":1701786501438,"remoteIdentityKey":"Beq/KJFYMUvj+vFz4Mp2g2eL/6HNKM5T4tFpgn0djKcF"},"_chains":{"BbnlvKjUUlw/OZwugK/As4MUKYfahQ9y6VaQ7sF5zJI+":{"chainKey":{"counter":11,"key":"RP2t/U6q1jOQ2+sga/VGQQ6hayBo1QDXjqgX7GoQpyE="},"chainType":1,"messageKeys":{}}},"pendingPreKey":{"signedKeyId":1,"baseKey":"BZH8b95SM12rMCxkxXzQ4cnPnZimDsbrfDPOazcUcc95","preKeyId":12}}},"version":"v1"}