{"_sessions":{"BerxNcXOYRij1KctZUoZjCOKuOsNjpAuYvEI7vwYbjhw":{"registrationId":1919154626,"currentRatchet":{"ephemeralKeyPair":{"pubKey":"BXZtbWTnRcuJVNaXwvc8RCZOQ9k5/XErGeXJdn0pIP9f","privKey":"+C81CwZH22ncx3uhHoirymhHMpzOvPH9irOTmLEWbGw="},"lastRemoteEphemeralKey":"BZJzMCumKyeUd9RxyUJnHntHlYAMsv+tUM0FUsj9ebJx","previousCounter":0,"rootKey":"X8oz/CtHmaJBj4pH6i71vEoJ3gw9clRTrwlKpcmWLww="},"indexInfo":{"baseKey":"BerxNcXOYRij1KctZUoZjCOKuOsNjpAuYvEI7vwYbjhw","baseKeyType":2,"closed":-1,"used":1701925660084,"created":1701925660084,"remoteIdentityKey":"BYqc3Zc87LyK07AlWcTd/T6ejG+g6dLtSpuLTYa3z0s5"},"_chains":{"BZJzMCumKyeUd9RxyUJnHntHlYAMsv+tUM0FUsj9ebJx":{"chainKey":{"counter":4,"key":"+odUloXFaSCbVVlzG/s4a9yiK0zVHor9z+kIj/zwJ5o="},"chainType":2,"messageKeys":{"2":"8l/aQemi6vsvGrc7TTEqUtr423aS1zEJTZXvZvnWJlA=","3":"8OTOFmF+EME3Hy8rJZDM1yvMslSGQ16TRBX0z8QAS8E="}},"BXZtbWTnRcuJVNaXwvc8RCZOQ9k5/XErGeXJdn0pIP9f":{"chainKey":{"counter":-1,"key":"uRfLQ4g4P6EpOaL6EEAVyGg3eyBVVGJbbrbTD6fExYU="},"chainType":1,"messageKeys":{}}}}},"version":"v1"}