{"_sessions":{"BTEhVbNMxb2kUm95eUDjB+MkHr7L5B9W0UsBGGoEGych":{"registrationId":1916174014,"currentRatchet":{"ephemeralKeyPair":{"pubKey":"BZq/0kMYF+w6O46MezH7lqi3yjOXdyLatLbbqxZ8+Z0T","privKey":"KAqRckwPg+81QVohL+DEjcaGHvJXJ5tqNygzMFfc42c="},"lastRemoteEphemeralKey":"BV215/saVsv2wWQ2buVRVFsI2Grm9vWWfkL9Ik01nAEv","previousCounter":0,"rootKey":"naFjULhZnEiC9lMHeCjCTszbyMO7nP3YVdNkaNtPc3o="},"indexInfo":{"baseKey":"BTEhVbNMxb2kUm95eUDjB+MkHr7L5B9W0UsBGGoEGych","baseKeyType":2,"closed":-1,"used":1701932821900,"created":1701932821900,"remoteIdentityKey":"BRk7WGVW8eWuAnQ7M+EAi7hJ1xANO7i6Q2ZF/lsRo1kb"},"_chains":{"BV215/saVsv2wWQ2buVRVFsI2Grm9vWWfkL9Ik01nAEv":{"chainKey":{"counter":3,"key":"0SObH8Qpw6eNXUR+Md0Rg+GEXAtIzW1m+tCFkhJwtqo="},"chainType":2,"messageKeys":{"0":"ocKuViW26OQ69v+B9yliwlx+OP+SGuJgFzrXOL5QyZo=","1":"Ryo4g6NIhdC3C2e6zL85RerH5AqM4dPzF32bO843e2Y="}},"BZq/0kMYF+w6O46MezH7lqi3yjOXdyLatLbbqxZ8+Z0T":{"chainKey":{"counter":-1,"key":"Ws0VDc78WrJo5qifEeyWGw6uiqcpd08O7CI1BIt3nLg="},"chainType":1,"messageKeys":{}}}}},"version":"v1"}