{"_sessions":{"BcT0SvYk9nRSbJelOScNi+zHFxEGu9EXOLFqUYiJk4Ew":{"registrationId":1186504391,"currentRatchet":{"ephemeralKeyPair":{"pubKey":"BVjlh1mlxvx9lmXkMnS/oHJ0/7iUU8dtyx8HB0lAUCFs","privKey":"qD93dyEEmF3dpIyOkMTgrYRPiBuVotwug1qOveKiMmY="},"lastRemoteEphemeralKey":"BR8lZfGhum73cS5XZW5h9BlShCwSrbA9xA1xuQ+qmqQW","previousCounter":0,"rootKey":"8mHzT4umNCk1HZV5gmY8ELfTXPKNsdw6Pp5IRo8Dspg="},"indexInfo":{"baseKey":"BcT0SvYk9nRSbJelOScNi+zHFxEGu9EXOLFqUYiJk4Ew","baseKeyType":2,"closed":-1,"used":1701925649790,"created":1701925649790,"remoteIdentityKey":"BRWkJhLX9CgWQitHpBf1GxlnbayLx06apoYwgRCx6UIW"},"_chains":{"BR8lZfGhum73cS5XZW5h9BlShCwSrbA9xA1xuQ+qmqQW":{"chainKey":{"counter":3,"key":"c21uuvKg5gF+tBgYvVY1vcWCd2oVBQnX75sbpWw/USs="},"chainType":2,"messageKeys":{}},"BVjlh1mlxvx9lmXkMnS/oHJ0/7iUU8dtyx8HB0lAUCFs":{"chainKey":{"counter":-1,"key":"xXN7JZI0aDwDy+y9uEmeswv7+Vu8Z3Yeyu6ejyTCJwo="},"chainType":1,"messageKeys":{}}}}},"version":"v1"}