{"_sessions":{"Bbgg8lWH17WfTI44cpRgbHtBmQyCA1FpYb1Td4LnGGki":{"registrationId":1970626362,"currentRatchet":{"ephemeralKeyPair":{"pubKey":"BTvxLi0WbcldFBKxrPh5u8c2d6XO/89QsK9ZwvoTyVdH","privKey":"iBvwfy1041EVYnGYX/GgMdL1BBDgTeEMntzkWLSwrmA="},"lastRemoteEphemeralKey":"BTF0HjauvBEV03UryhB/qqJJKnCFnBXjxnXmEF6UayBY","previousCounter":0,"rootKey":"onZmKOzcyYObpJmSHCYjoDgK5r9X7VSMG50enY5GjD0="},"indexInfo":{"baseKey":"Bbgg8lWH17WfTI44cpRgbHtBmQyCA1FpYb1Td4LnGGki","baseKeyType":2,"closed":-1,"used":1701925710634,"created":1701925710634,"remoteIdentityKey":"BeNhXBEUtHOB2eoc8YM6X/aCBMA08/f6HhSuL2qIb65y"},"_chains":{"BTF0HjauvBEV03UryhB/qqJJKnCFnBXjxnXmEF6UayBY":{"chainKey":{"counter":0,"key":"hOYDRt69ZXtguYuEm2ElJwwM29rRbZqiMJv4GVmqoHI="},"chainType":2,"messageKeys":{}},"BTvxLi0WbcldFBKxrPh5u8c2d6XO/89QsK9ZwvoTyVdH":{"chainKey":{"counter":-1,"key":"pWobBDMG+IpncQIMJiKgZApguxa/HBK/qSgvBPfm/i0="},"chainType":1,"messageKeys":{}}}}},"version":"v1"}