{"_sessions":{"BXzZSrKSfOPFE1fZcbiklVLVonWUmbJWAAuUUJmGSDIA":{"registrationId":1025618892,"currentRatchet":{"ephemeralKeyPair":{"pubKey":"BSKgsY6+UZUag790LmCNHkBeqdoSC/HijJwwus7XBVhw","privKey":"0JiitF1vRGKTB6nLv+KGw21jriFfJLb2KgdedM/FXls="},"lastRemoteEphemeralKey":"BfstF/6jjGB+rVqn2r7eXil0yW6XwXJ1KswGCY8LBscD","previousCounter":0,"rootKey":"1qrU4wL03Min84aEimXpu0gGC/rgxDmgewq6lrUgtLE="},"indexInfo":{"baseKey":"BXzZSrKSfOPFE1fZcbiklVLVonWUmbJWAAuUUJmGSDIA","baseKeyType":2,"closed":-1,"used":1701925702431,"created":1701925702431,"remoteIdentityKey":"BWcU5FCC0J4bB8xBgvpi0/D7ywK4l4lHqlzwIqZhRmJ0"},"_chains":{"BfstF/6jjGB+rVqn2r7eXil0yW6XwXJ1KswGCY8LBscD":{"chainKey":{"counter":0,"key":"HExeZnLCkpN4ELYRAXB1/0LeRjtXiheUj0XVQAF5cFc="},"chainType":2,"messageKeys":{}},"BSKgsY6+UZUag790LmCNHkBeqdoSC/HijJwwus7XBVhw":{"chainKey":{"counter":-1,"key":"ubiXSuEjveRtgUwPtl9RPMQP8/b9Qk8GK8J5nLQlisw="},"chainType":1,"messageKeys":{}}}}},"version":"v1"}